path,eye_color
./val_img/blue/gB53811.jpg,0
./val_img/blue/gB54192.jpg,0
./val_img/blue/gB54465.jpg,0
./val_img/blue/gB54568.jpg,0
./val_img/blue/gB54581.jpg,0
./val_img/blue/gB54695.jpg,0
./val_img/blue/gB54989.jpg,0
./val_img/blue/gB55099.jpg,0
./val_img/blue/gB55162.jpg,0
./val_img/blue/gB55274.jpg,0
./val_img/blue/gB55645.jpg,0
./val_img/blue/gB56652.jpg,0
./val_img/blue/gB56786.jpg,0
./val_img/blue/gB56806.jpg,0
./val_img/blue/gB57015.jpg,0
./val_img/blue/gB57168.jpg,0
./val_img/blue/gB57179.jpg,0
./val_img/blue/gB57425.jpg,0
./val_img/blue/gB57629.jpg,0
./val_img/blue/gB57979.jpg,0
./val_img/blue/gB58047.jpg,0
./val_img/blue/gB59330.jpg,0
./val_img/blue/gB59811.jpg,0
./val_img/blue/gB59834.jpg,0
./val_img/blue/gB60044.jpg,0
./val_img/blue/gB60126.jpg,0
./val_img/blue/gB60223.jpg,0
./val_img/blue/gB60228.jpg,0
./val_img/blue/gB60447.jpg,0
./val_img/blue/gB60455.jpg,0
./val_img/blue/gB60624.jpg,0
./val_img/blue/gB60645.jpg,0
./val_img/blue/gB60794.jpg,0
./val_img/blue/gB60839.jpg,0
./val_img/blue/gB61080.jpg,0
./val_img/blue/gB61218.jpg,0
./val_img/blue/gB61230.jpg,0
./val_img/blue/gB61242.jpg,0
./val_img/blue/gB61244.jpg,0
./val_img/blue/gB61314.jpg,0
./val_img/blue/gB61575.jpg,0
./val_img/blue/gB61800.jpg,0
./val_img/blue/gB61803.jpg,0
./val_img/blue/gB61840.jpg,0
./val_img/blue/gB62254.jpg,0
./val_img/blue/gB62287.jpg,0
./val_img/blue/gB62434.jpg,0
./val_img/blue/gB62519.jpg,0
./val_img/blue/gB62717.jpg,0
./val_img/blue/gB80379.jpg,0
./val_img/blue/gK00748.jpg,0
./val_img/blue/gK01505.jpg,0
./val_img/blue/gK85061.jpg,0
./val_img/blue/gK85405.jpg,0
./val_img/blue/gK85531.jpg,0
./val_img/blue/gK86288.jpg,0
./val_img/blue/gK86364.jpg,0
./val_img/blue/gK86528.jpg,0
./val_img/blue/gK86660.jpg,0
./val_img/blue/gK86666.jpg,0
./val_img/blue/gK86687.jpg,0
./val_img/blue/gK87691.jpg,0
./val_img/blue/gK87909.jpg,0
./val_img/blue/gK93737.jpg,0
./val_img/blue/gK93993.jpg,0
./val_img/blue/gK94367.jpg,0
./val_img/blue/gK94679.jpg,0
./val_img/blue/gN07202.jpg,0
./val_img/blue/gN87480.jpg,0
./val_img/blue/gN97463.jpg,0
./val_img/blue/gR35038.jpg,0
./val_img/blue/gR35136.jpg,0
./val_img/blue/gR35173.jpg,0
./val_img/blue/gR35181.jpg,0
./val_img/blue/gR35334.jpg,0
./val_img/blue/gR35447.jpg,0
./val_img/blue/gR35580.jpg,0
./val_img/blue/gR35585.jpg,0
./val_img/blue/gR35645.jpg,0
./val_img/blue/gR35742.jpg,0
./val_img/blue/gR36232.jpg,0
./val_img/blue/gR36319.jpg,0
./val_img/blue/gR36523.jpg,0
./val_img/blue/gR36727.jpg,0
./val_img/blue/gR36728.jpg,0
./val_img/blue/gR37091.jpg,0
./val_img/blue/gR37170.jpg,0
./val_img/blue/gR37172.jpg,0
./val_img/blue/gR37491.jpg,0
./val_img/blue/gR37536.jpg,0
./val_img/blue/gR37562.jpg,0
./val_img/blue/gR37602.jpg,0
./val_img/blue/gR37677.jpg,0
./val_img/blue/gR37728.jpg,0
./val_img/blue/gR37744.jpg,0
./val_img/blue/gR37769.jpg,0
./val_img/blue/gR37922.jpg,0
./val_img/blue/gR38019.jpg,0
./val_img/blue/gR38138.jpg,0
./val_img/blue/gR38164.jpg,0
./val_img/blue/gR38186.jpg,0
./val_img/blue/gR38576.jpg,0
./val_img/blue/gR38625.jpg,0
./val_img/blue/gR38752.jpg,0
./val_img/blue/gR38792.jpg,0
./val_img/blue/gR38897.jpg,0
./val_img/blue/gR38995.jpg,0
./val_img/blue/gR39183.jpg,0
./val_img/blue/gR39410.jpg,0
./val_img/blue/gR39668.jpg,0
./val_img/blue/gR39744.jpg,0
./val_img/blue/gR39775.jpg,0
./val_img/blue/gR39799.jpg,0
./val_img/blue/gR39848.jpg,0
./val_img/blue/gR39882.jpg,0
./val_img/blue/gR39982.jpg,0
./val_img/blue/gR75027.jpg,0
./val_img/blue/gR75065.jpg,0
./val_img/blue/gR75109.jpg,0
./val_img/blue/gR75336.jpg,0
./val_img/blue/gR75754.jpg,0
./val_img/blue/gR75850.jpg,0
./val_img/blue/gR75949.jpg,0
./val_img/blue/gR75998.jpg,0
./val_img/blue/gR76046.jpg,0
./val_img/blue/gR76078.jpg,0
./val_img/blue/gR76262.jpg,0
./val_img/blue/gR76319.jpg,0
./val_img/blue/gR76528.jpg,0
./val_img/blue/gR76547.jpg,0
./val_img/blue/gR76636.jpg,0
./val_img/blue/gR76676.jpg,0
./val_img/blue/gR76684.jpg,0
./val_img/blue/gR76689.jpg,0
./val_img/blue/gR76750.jpg,0
./val_img/blue/gR76751.jpg,0
./val_img/blue/gR76789.jpg,0
./val_img/blue/gR76812.jpg,0
./val_img/blue/gR77104.jpg,0
./val_img/blue/gR77114.jpg,0
./val_img/blue/gR77227.jpg,0
./val_img/blue/gR77626.jpg,0
./val_img/blue/gR77674.jpg,0
./val_img/blue/gR77684.jpg,0
./val_img/blue/gR77737.jpg,0
./val_img/blue/gR77785.jpg,0
./val_img/blue/gR77802.jpg,0
./val_img/blue/gR77904.jpg,0
./val_img/blue/gR77944.jpg,0
./val_img/blue/gR78146.jpg,0
./val_img/blue/gR78159.jpg,0
./val_img/blue/gR78271.jpg,0
./val_img/blue/gR78419.jpg,0
./val_img/blue/gR78467.jpg,0
./val_img/blue/gR78519.jpg,0
./val_img/blue/gR78527.jpg,0
./val_img/blue/gR78538.jpg,0
./val_img/blue/gR78795.jpg,0
./val_img/blue/gR78938.jpg,0
./val_img/blue/gR78942.jpg,0
./val_img/blue/gR79101.jpg,0
./val_img/blue/gR79646.jpg,0
./val_img/blue/gR79680.jpg,0
./val_img/blue/gR79808.jpg,0
./val_img/blue/gR79965.jpg,0
./val_img/blue/gR80259.jpg,0
./val_img/blue/gR80309.jpg,0
./val_img/blue/gR80385.jpg,0
./val_img/blue/gR80541.jpg,0
./val_img/blue/gR80599.jpg,0
./val_img/blue/gR80633.jpg,0
./val_img/blue/gR80667.jpg,0
./val_img/blue/gR80687.jpg,0
./val_img/blue/gR80724.jpg,0
./val_img/blue/gR80857.jpg,0
./val_img/blue/gR80903.jpg,0
./val_img/blue/gR81010.jpg,0
./val_img/blue/gR81034.jpg,0
./val_img/blue/gR81091.jpg,0
./val_img/blue/gR81230.jpg,0
./val_img/blue/gR81353.jpg,0
./val_img/blue/gR81470.jpg,0
./val_img/blue/gR81474.jpg,0
./val_img/blue/gR81624.jpg,0
./val_img/blue/gR81786.jpg,0
./val_img/blue/gR81869.jpg,0
./val_img/blue/gR81933.jpg,0
./val_img/blue/gR82005.jpg,0
./val_img/blue/gR82133.jpg,0
./val_img/blue/gR82201.jpg,0
./val_img/blue/gR82208.jpg,0
./val_img/blue/gR82280.jpg,0
./val_img/blue/gR82531.jpg,0
./val_img/blue/gR82599.jpg,0
./val_img/blue/gR82709.jpg,0
./val_img/blue/gR82749.jpg,0
./val_img/blue/gR82772.jpg,0
./val_img/blue/gR82823.jpg,0
./val_img/blue/gR82907.jpg,0
./val_img/blue/gR82920.jpg,0
./val_img/blue/gR82960.jpg,0
./val_img/blue/gR82984.jpg,0
./val_img/blue/gR83060.jpg,0
./val_img/blue/gR83116.jpg,0
./val_img/blue/gR83185.jpg,0
./val_img/blue/gR83192.jpg,0
./val_img/blue/gR83194.jpg,0
./val_img/blue/gR83243.jpg,0
./val_img/blue/gR83347.jpg,0
./val_img/blue/gR83414.jpg,0
./val_img/blue/gR83681.jpg,0
./val_img/blue/gR83696.jpg,0
./val_img/blue/gR83948.jpg,0
./val_img/blue/gR84182.jpg,0
./val_img/blue/gR84379.jpg,0
./val_img/blue/gR84418.jpg,0
./val_img/blue/gR84547.jpg,0
./val_img/blue/gR84601.jpg,0
./val_img/blue/gR84630.jpg,0
./val_img/blue/gR84817.jpg,0
./val_img/blue/gR84854.jpg,0
./val_img/blue/gR84915.jpg,0
./val_img/blue/gR85100.jpg,0
./val_img/blue/gR85136.jpg,0
./val_img/blue/gR85283.jpg,0
./val_img/blue/gR85302.jpg,0
./val_img/blue/gR85311.jpg,0
./val_img/blue/gR85397.jpg,0
./val_img/blue/gR85398.jpg,0
./val_img/blue/gR85481.jpg,0
./val_img/blue/gR85570.jpg,0
./val_img/blue/gR85792.jpg,0
./val_img/blue/gR85834.jpg,0
./val_img/blue/gR85840.jpg,0
./val_img/blue/gR85853.jpg,0
./val_img/blue/gR85878.jpg,0
./val_img/blue/gR85940.jpg,0
./val_img/blue/gR86016.jpg,0
./val_img/blue/gR86073.jpg,0
./val_img/blue/gR86105.jpg,0
./val_img/blue/gR86236.jpg,0
./val_img/blue/gR86277.jpg,0
./val_img/blue/gR86303.jpg,0
./val_img/blue/gR86307.jpg,0
./val_img/blue/gR86326.jpg,0
./val_img/blue/gR86331.jpg,0
./val_img/blue/gR86381.jpg,0
./val_img/blue/gR86445.jpg,0
./val_img/blue/gR86457.jpg,0
./val_img/blue/gR86551.jpg,0
./val_img/blue/gR86711.jpg,0
./val_img/blue/gR86728.jpg,0
./val_img/blue/gR86812.jpg,0
./val_img/blue/gR86905.jpg,0
./val_img/blue/gR87001.jpg,0
./val_img/blue/gR87138.jpg,0
./val_img/blue/gR87194.jpg,0
./val_img/blue/gR87195.jpg,0
./val_img/blue/gR87215.jpg,0
./val_img/blue/gR87273.jpg,0
./val_img/blue/gR87276.jpg,0
./val_img/blue/gR87315.jpg,0
./val_img/blue/gR87385.jpg,0
./val_img/blue/gR87387.jpg,0
./val_img/blue/gR87404.jpg,0
./val_img/blue/gR87405.jpg,0
./val_img/blue/gR87407.jpg,0
./val_img/blue/gR87430.jpg,0
./val_img/blue/gR87462.jpg,0
./val_img/blue/gR87472.jpg,0
./val_img/blue/gR87487.jpg,0
./val_img/blue/gR87518.jpg,0
./val_img/blue/gR87539.jpg,0
./val_img/blue/gR87544.jpg,0
./val_img/blue/gR87666.jpg,0
./val_img/blue/gR87688.jpg,0
./val_img/blue/gR87716.jpg,0
./val_img/blue/gR87767.jpg,0
./val_img/blue/gR87769.jpg,0
./val_img/blue/gR87802.jpg,0
./val_img/blue/gR87820.jpg,0
./val_img/blue/gR87885.jpg,0
./val_img/blue/gR87946.jpg,0
./val_img/blue/gR88179.jpg,0
./val_img/blue/gR88227.jpg,0
./val_img/blue/gR88297.jpg,0
./val_img/blue/gR88376.jpg,0
./val_img/blue/gR88412.jpg,0
./val_img/blue/gR88418.jpg,0
./val_img/blue/gR88453.jpg,0
./val_img/blue/gR88488.jpg,0
./val_img/blue/gR88554.jpg,0
./val_img/blue/gR88582.jpg,0
./val_img/blue/gR88599.jpg,0
./val_img/blue/gR88648.jpg,0
./val_img/blue/gR88668.jpg,0
./val_img/blue/gR88671.jpg,0
./val_img/blue/gR88714.jpg,0
./val_img/blue/gR88754.jpg,0
./val_img/blue/gR88944.jpg,0
./val_img/blue/gR88975.jpg,0
./val_img/blue/gR89000.jpg,0
./val_img/blue/gR89008.jpg,0
./val_img/blue/gR89028.jpg,0
./val_img/blue/gR89040.jpg,0
./val_img/blue/gR89068.jpg,0
./val_img/blue/gR89192.jpg,0
./val_img/blue/gR89226.jpg,0
./val_img/blue/gR89243.jpg,0
./val_img/blue/gR89246.jpg,0
./val_img/blue/gR89255.jpg,0
./val_img/blue/gR89261.jpg,0
./val_img/blue/gR89271.jpg,0
./val_img/blue/gR89313.jpg,0
./val_img/blue/gR89413.jpg,0
./val_img/blue/gR89449.jpg,0
./val_img/blue/gR89538.jpg,0
./val_img/blue/gR89559.jpg,0
./val_img/blue/gR89565.jpg,0
./val_img/blue/gR89600.jpg,0
./val_img/blue/gR89657.jpg,0
./val_img/blue/gR89803.jpg,0
./val_img/blue/gR89814.jpg,0
./val_img/blue/gR89849.jpg,0
./val_img/blue/gR89853.jpg,0
./val_img/blue/gR89907.jpg,0
./val_img/blue/gR89913.jpg,0
./val_img/blue/gR89915.jpg,0
./val_img/blue/gR89966.jpg,0
./val_img/blue/gR90001.jpg,0
./val_img/blue/gR90063.jpg,0
./val_img/blue/gR90085.jpg,0
./val_img/blue/gR90196.jpg,0
./val_img/blue/gR90216.jpg,0
./val_img/blue/gR90242.jpg,0
./val_img/blue/gR90270.jpg,0
./val_img/blue/gR90298.jpg,0
./val_img/blue/gR90346.jpg,0
./val_img/blue/gR90389.jpg,0
./val_img/blue/gR90445.jpg,0
./val_img/blue/gR90452.jpg,0
./val_img/blue/gR90587.jpg,0
./val_img/blue/gR90589.jpg,0
./val_img/blue/gR90597.jpg,0
./val_img/blue/gR90642.jpg,0
./val_img/blue/gR90651.jpg,0
./val_img/blue/gR90674.jpg,0
./val_img/blue/gR90676.jpg,0
./val_img/blue/K00748.jpg,0
./val_img/blue/K01505.jpg,0
./val_img/blue/K85061.jpg,0
./val_img/blue/K85405.jpg,0
./val_img/blue/K85531.jpg,0
./val_img/blue/K86288.jpg,0
./val_img/blue/K86364.jpg,0
./val_img/blue/K86528.jpg,0
./val_img/blue/K86660.jpg,0
./val_img/blue/K86666.jpg,0
./val_img/blue/K86687.jpg,0
./val_img/blue/K87691.jpg,0
./val_img/blue/K87909.jpg,0
./val_img/blue/K93737.jpg,0
./val_img/blue/K93993.jpg,0
./val_img/blue/K94367.jpg,0
./val_img/blue/K94679.jpg,0
./val_img/blue/N07202.jpg,0
./val_img/blue/N87480.jpg,0
./val_img/blue/N97463.jpg,0
./val_img/blue/R35038.jpg,0
./val_img/blue/R35136.jpg,0
./val_img/blue/R35173.jpg,0
./val_img/blue/R35181.jpg,0
./val_img/blue/R35334.jpg,0
./val_img/blue/R35447.jpg,0
./val_img/blue/R35580.jpg,0
./val_img/blue/R35585.jpg,0
./val_img/blue/R35645.jpg,0
./val_img/blue/R35742.jpg,0
./val_img/blue/R36232.jpg,0
./val_img/blue/R36319.jpg,0
./val_img/blue/R36523.jpg,0
./val_img/blue/R36727.jpg,0
./val_img/blue/R36728.jpg,0
./val_img/blue/R37091.jpg,0
./val_img/blue/R37170.jpg,0
./val_img/blue/R37172.jpg,0
./val_img/blue/R37491.jpg,0
./val_img/blue/R37536.jpg,0
./val_img/blue/R37562.jpg,0
./val_img/blue/R37602.jpg,0
./val_img/blue/R37677.jpg,0
./val_img/blue/R37728.jpg,0
./val_img/blue/R37744.jpg,0
./val_img/blue/R37769.jpg,0
./val_img/blue/R37922.jpg,0
./val_img/blue/R38019.jpg,0
./val_img/blue/R38138.jpg,0
./val_img/blue/R38164.jpg,0
./val_img/blue/R38186.jpg,0
./val_img/blue/R38576.jpg,0
./val_img/blue/R38625.jpg,0
./val_img/blue/R38752.jpg,0
./val_img/blue/R38792.jpg,0
./val_img/blue/R38897.jpg,0
./val_img/blue/R38995.jpg,0
./val_img/blue/R39183.jpg,0
./val_img/blue/R39410.jpg,0
./val_img/blue/R39668.jpg,0
./val_img/blue/R39744.jpg,0
./val_img/blue/R39775.jpg,0
./val_img/blue/R39799.jpg,0
./val_img/blue/R39848.jpg,0
./val_img/blue/R39882.jpg,0
./val_img/blue/R39982.jpg,0
./val_img/blue/R75027.jpg,0
./val_img/blue/R75065.jpg,0
./val_img/blue/R75109.jpg,0
./val_img/blue/R75336.jpg,0
./val_img/blue/R75754.jpg,0
./val_img/blue/R75850.jpg,0
./val_img/blue/R75949.jpg,0
./val_img/blue/R75998.jpg,0
./val_img/blue/R76046.jpg,0
./val_img/blue/R76078.jpg,0
./val_img/blue/R76262.jpg,0
./val_img/blue/R76319.jpg,0
./val_img/blue/R76528.jpg,0
./val_img/blue/R76547.jpg,0
./val_img/blue/R76636.jpg,0
./val_img/blue/R76676.jpg,0
./val_img/blue/R76684.jpg,0
./val_img/blue/R76689.jpg,0
./val_img/blue/R76750.jpg,0
./val_img/blue/R76751.jpg,0
./val_img/blue/R76789.jpg,0
./val_img/blue/R76812.jpg,0
./val_img/blue/R77104.jpg,0
./val_img/blue/R77114.jpg,0
./val_img/blue/R77227.jpg,0
./val_img/blue/R77626.jpg,0
./val_img/blue/R77674.jpg,0
./val_img/blue/R77684.jpg,0
./val_img/blue/R77737.jpg,0
./val_img/blue/R77785.jpg,0
./val_img/blue/R77802.jpg,0
./val_img/blue/R77904.jpg,0
./val_img/blue/R77944.jpg,0
./val_img/blue/R78146.jpg,0
./val_img/blue/R78159.jpg,0
./val_img/blue/R78271.jpg,0
./val_img/blue/R78419.jpg,0
./val_img/blue/R78467.jpg,0
./val_img/blue/R78519.jpg,0
./val_img/blue/R78527.jpg,0
./val_img/blue/R78538.jpg,0
./val_img/blue/R78795.jpg,0
./val_img/blue/R78938.jpg,0
./val_img/blue/R78942.jpg,0
./val_img/blue/R79101.jpg,0
./val_img/blue/R79646.jpg,0
./val_img/blue/R79680.jpg,0
./val_img/blue/R79808.jpg,0
./val_img/blue/R79965.jpg,0
./val_img/blue/R80259.jpg,0
./val_img/blue/R80309.jpg,0
./val_img/blue/R80385.jpg,0
./val_img/blue/R80541.jpg,0
./val_img/blue/R80599.jpg,0
./val_img/blue/R80633.jpg,0
./val_img/blue/R80667.jpg,0
./val_img/blue/R80687.jpg,0
./val_img/blue/R80724.jpg,0
./val_img/blue/R80857.jpg,0
./val_img/blue/R80903.jpg,0
./val_img/blue/R81010.jpg,0
./val_img/blue/R81034.jpg,0
./val_img/blue/R81091.jpg,0
./val_img/blue/R81230.jpg,0
./val_img/blue/R81353.jpg,0
./val_img/blue/R81470.jpg,0
./val_img/blue/R81474.jpg,0
./val_img/blue/R81624.jpg,0
./val_img/blue/R81786.jpg,0
./val_img/blue/R81869.jpg,0
./val_img/blue/R81933.jpg,0
./val_img/blue/R82005.jpg,0
./val_img/blue/R82133.jpg,0
./val_img/blue/R82201.jpg,0
./val_img/blue/R82208.jpg,0
./val_img/blue/R82280.jpg,0
./val_img/blue/R82531.jpg,0
./val_img/blue/R82599.jpg,0
./val_img/blue/R82709.jpg,0
./val_img/blue/R82749.jpg,0
./val_img/blue/R82772.jpg,0
./val_img/blue/R82823.jpg,0
./val_img/blue/R82907.jpg,0
./val_img/blue/R82920.jpg,0
./val_img/blue/R82960.jpg,0
./val_img/blue/R82984.jpg,0
./val_img/blue/R83060.jpg,0
./val_img/blue/R83116.jpg,0
./val_img/blue/R83185.jpg,0
./val_img/blue/R83192.jpg,0
./val_img/blue/R83194.jpg,0
./val_img/blue/R83243.jpg,0
./val_img/blue/R83347.jpg,0
./val_img/blue/R83414.jpg,0
./val_img/blue/R83681.jpg,0
./val_img/blue/R83696.jpg,0
./val_img/blue/R83948.jpg,0
./val_img/blue/R84182.jpg,0
./val_img/blue/R84379.jpg,0
./val_img/blue/R84418.jpg,0
./val_img/blue/R84547.jpg,0
./val_img/blue/R84601.jpg,0
./val_img/blue/R84630.jpg,0
./val_img/blue/R84817.jpg,0
./val_img/blue/R84854.jpg,0
./val_img/blue/R84915.jpg,0
./val_img/blue/R85100.jpg,0
./val_img/blue/R85136.jpg,0
./val_img/blue/R85283.jpg,0
./val_img/blue/R85302.jpg,0
./val_img/blue/R85311.jpg,0
./val_img/blue/R85397.jpg,0
./val_img/blue/R85398.jpg,0
./val_img/blue/R85481.jpg,0
./val_img/blue/R85570.jpg,0
./val_img/blue/R85792.jpg,0
./val_img/blue/R85834.jpg,0
./val_img/blue/R85840.jpg,0
./val_img/blue/R85853.jpg,0
./val_img/blue/R85878.jpg,0
./val_img/blue/R85940.jpg,0
./val_img/blue/R86016.jpg,0
./val_img/blue/R86073.jpg,0
./val_img/blue/R86105.jpg,0
./val_img/blue/R86236.jpg,0
./val_img/blue/R86277.jpg,0
./val_img/blue/R86303.jpg,0
./val_img/blue/R86307.jpg,0
./val_img/blue/R86326.jpg,0
./val_img/blue/R86331.jpg,0
./val_img/blue/R86381.jpg,0
./val_img/blue/R86445.jpg,0
./val_img/blue/R86457.jpg,0
./val_img/blue/R86551.jpg,0
./val_img/blue/R86711.jpg,0
./val_img/blue/R86728.jpg,0
./val_img/blue/R86812.jpg,0
./val_img/blue/R86905.jpg,0
./val_img/blue/R87001.jpg,0
./val_img/blue/R87138.jpg,0
./val_img/blue/R87194.jpg,0
./val_img/blue/R87195.jpg,0
./val_img/blue/R87215.jpg,0
./val_img/blue/R87273.jpg,0
./val_img/blue/R87276.jpg,0
./val_img/blue/R87315.jpg,0
./val_img/blue/R87385.jpg,0
./val_img/blue/R87387.jpg,0
./val_img/blue/R87404.jpg,0
./val_img/blue/R87405.jpg,0
./val_img/blue/R87407.jpg,0
./val_img/blue/R87430.jpg,0
./val_img/blue/R87462.jpg,0
./val_img/blue/R87472.jpg,0
./val_img/blue/R87487.jpg,0
./val_img/blue/R87518.jpg,0
./val_img/blue/R87539.jpg,0
./val_img/blue/R87544.jpg,0
./val_img/blue/R87666.jpg,0
./val_img/blue/R87688.jpg,0
./val_img/blue/R87716.jpg,0
./val_img/blue/R87767.jpg,0
./val_img/blue/R87769.jpg,0
./val_img/blue/R87802.jpg,0
./val_img/blue/R87820.jpg,0
./val_img/blue/R87885.jpg,0
./val_img/blue/R87946.jpg,0
./val_img/blue/R88179.jpg,0
./val_img/blue/R88227.jpg,0
./val_img/blue/R88297.jpg,0
./val_img/blue/R88376.jpg,0
./val_img/blue/R88412.jpg,0
./val_img/blue/R88418.jpg,0
./val_img/blue/R88453.jpg,0
./val_img/blue/R88488.jpg,0
./val_img/blue/R88554.jpg,0
./val_img/blue/R88582.jpg,0
./val_img/blue/R88599.jpg,0
./val_img/blue/R88648.jpg,0
./val_img/blue/R88668.jpg,0
./val_img/blue/R88671.jpg,0
./val_img/blue/R88714.jpg,0
./val_img/blue/R88754.jpg,0
./val_img/blue/R88944.jpg,0
./val_img/blue/R88975.jpg,0
./val_img/blue/R89000.jpg,0
./val_img/blue/R89008.jpg,0
./val_img/blue/R89028.jpg,0
./val_img/blue/R89040.jpg,0
./val_img/blue/R89068.jpg,0
./val_img/blue/R89192.jpg,0
./val_img/blue/R89226.jpg,0
./val_img/blue/R89243.jpg,0
./val_img/blue/R89246.jpg,0
./val_img/blue/R89255.jpg,0
./val_img/blue/R89261.jpg,0
./val_img/blue/R89271.jpg,0
./val_img/blue/R89313.jpg,0
./val_img/blue/R89413.jpg,0
./val_img/blue/R89449.jpg,0
./val_img/blue/R89538.jpg,0
./val_img/blue/R89559.jpg,0
./val_img/blue/R89565.jpg,0
./val_img/blue/R89600.jpg,0
./val_img/blue/R89657.jpg,0
./val_img/blue/R89803.jpg,0
./val_img/blue/R89814.jpg,0
./val_img/blue/R89849.jpg,0
./val_img/blue/R89853.jpg,0
./val_img/blue/R89907.jpg,0
./val_img/blue/R89913.jpg,0
./val_img/blue/R89915.jpg,0
./val_img/blue/R89966.jpg,0
./val_img/blue/R90001.jpg,0
./val_img/blue/R90063.jpg,0
./val_img/blue/R90085.jpg,0
./val_img/blue/R90196.jpg,0
./val_img/blue/R90216.jpg,0
./val_img/blue/R90242.jpg,0
./val_img/blue/R90270.jpg,0
./val_img/blue/R90298.jpg,0
./val_img/blue/R90346.jpg,0
./val_img/blue/R90389.jpg,0
./val_img/blue/R90445.jpg,0
./val_img/blue/R90452.jpg,0
./val_img/blue/R90587.jpg,0
./val_img/blue/R90589.jpg,0
./val_img/blue/R90597.jpg,0
./val_img/blue/R90642.jpg,0
./val_img/blue/R90651.jpg,0
./val_img/blue/R90674.jpg,0
./val_img/blue/R90676.jpg,0
./val_img/blue/R90688.jpg,0
./val_img/blue/R90727.jpg,0
./val_img/blue/R90730.jpg,0
./val_img/blue/R90754.jpg,0
./val_img/blue/R90796.jpg,0
./val_img/blue/R90804.jpg,0
./val_img/blue/R90827.jpg,0
./val_img/blue/R90855.jpg,0
./val_img/blue/R90869.jpg,0
./val_img/blue/R90876.jpg,0
./val_img/blue/R90881.jpg,0
./val_img/blue/R90932.jpg,0
./val_img/blue/R90942.jpg,0
./val_img/blue/R90956.jpg,0
./val_img/blue/R91063.jpg,0
./val_img/blue/R91122.jpg,0
./val_img/blue/R91123.jpg,0
./val_img/blue/R91146.jpg,0
./val_img/blue/R91156.jpg,0
./val_img/blue/R91164.jpg,0
./val_img/blue/R91210.jpg,0
./val_img/blue/R91212.jpg,0
./val_img/blue/R91238.jpg,0
./val_img/blue/R91260.jpg,0
./val_img/blue/R91271.jpg,0
./val_img/blue/R91291.jpg,0
./val_img/blue/R91298.jpg,0
./val_img/blue/R91315.jpg,0
./val_img/blue/R91336.jpg,0
./val_img/blue/R91353.jpg,0
./val_img/blue/R91355.jpg,0
./val_img/blue/R91361.jpg,0
./val_img/blue/R91410.jpg,0
./val_img/blue/R91426.jpg,0
./val_img/blue/R91544.jpg,0
./val_img/blue/R91586.jpg,0
./val_img/blue/R91591.jpg,0
./val_img/blue/R91594.jpg,0
./val_img/blue/R91596.jpg,0
./val_img/blue/R91636.jpg,0
./val_img/blue/R91640.jpg,0
./val_img/blue/R91654.jpg,0
./val_img/blue/R91656.jpg,0
./val_img/blue/R91723.jpg,0
./val_img/blue/R91758.jpg,0
./val_img/blue/R91779.jpg,0
./val_img/blue/R91787.jpg,0
./val_img/blue/R91854.jpg,0
./val_img/blue/R91912.jpg,0
./val_img/blue/R91957.jpg,0
./val_img/blue/R91982.jpg,0
./val_img/blue/R92011.jpg,0
./val_img/blue/R92069.jpg,0
./val_img/blue/R92096.jpg,0
./val_img/blue/R92126.jpg,0
./val_img/blue/R92132.jpg,0
./val_img/blue/R92143.jpg,0
./val_img/blue/R92147.jpg,0
./val_img/blue/R92170.jpg,0
./val_img/blue/R92190.jpg,0
./val_img/blue/R92192.jpg,0
./val_img/blue/R92197.jpg,0
./val_img/blue/R92220.jpg,0
./val_img/blue/R92268.jpg,0
./val_img/blue/R92286.jpg,0
./val_img/blue/R92288.jpg,0
./val_img/blue/R92289.jpg,0
./val_img/blue/R92325.jpg,0
./val_img/blue/R92339.jpg,0
./val_img/blue/R92367.jpg,0
./val_img/blue/R92387.jpg,0
./val_img/blue/R92400.jpg,0
./val_img/blue/R92411.jpg,0
./val_img/blue/R92416.jpg,0
./val_img/blue/R92417.jpg,0
./val_img/blue/R92429.jpg,0
./val_img/blue/R92489.jpg,0
./val_img/blue/R92504.jpg,0
./val_img/blue/R92543.jpg,0
./val_img/blue/R92545.jpg,0
./val_img/blue/R92559.jpg,0
./val_img/blue/R92563.jpg,0
./val_img/blue/R92576.jpg,0
./val_img/blue/R92578.jpg,0
./val_img/blue/R92582.jpg,0
./val_img/blue/R92589.jpg,0
./val_img/blue/R92619.jpg,0
./val_img/blue/R92660.jpg,0
./val_img/blue/R92666.jpg,0
./val_img/blue/R92681.jpg,0
./val_img/blue/R92685.jpg,0
./val_img/blue/R92686.jpg,0
./val_img/blue/R92687.jpg,0
./val_img/blue/R92711.jpg,0
./val_img/blue/R92713.jpg,0
./val_img/blue/R92730.jpg,0
./val_img/blue/R92735.jpg,0
./val_img/blue/R92740.jpg,0
./val_img/blue/R92741.jpg,0
./val_img/blue/R92747.jpg,0
./val_img/blue/R92775.jpg,0
./val_img/blue/R92776.jpg,0
./val_img/blue/X52671.jpg,0
./val_img/blue/X76305.jpg,0
./val_img/blue/X77467.jpg,0
./val_img/blue/X77506.jpg,0
./val_img/blue/X77749.jpg,0
./val_img/blue/X77796.jpg,0
./val_img/blue/X77808.jpg,0
./val_img/blue/X77933.jpg,0
./val_img/blue/X78180.jpg,0
./val_img/blue/X78271.jpg,0
./val_img/blue/X78338.jpg,0
./val_img/blue/X78366.jpg,0
./val_img/blue/X78409.jpg,0
./val_img/blue/X78616.jpg,0
./val_img/blue/X78618.jpg,0
./val_img/blue/X78655.jpg,0
./val_img/blue/X78697.jpg,0
./val_img/blue/X78763.jpg,0
./val_img/blue/X78846.jpg,0
./val_img/blue/X78854.jpg,0
./val_img/blue/X79004.jpg,0
./val_img/blue/Y10276.jpg,0
./val_img/blue/Y10565.jpg,0
./val_img/blue/Y10594.jpg,0
./val_img/blue/Y10709.jpg,0
./val_img/blue/Y10751.jpg,0
./val_img/blue/Y10788.jpg,0
./val_img/blue/Y10932.jpg,0
./val_img/blue/Y10948.jpg,0
./val_img/blue/Y11204.jpg,0
./val_img/blue/Y11228.jpg,0
./val_img/blue/Y11358.jpg,0
./val_img/blue/Y11378.jpg,0
./val_img/blue/Y11467.jpg,0
./val_img/blue/Y11500.jpg,0
./val_img/blue/Y11513.jpg,0
./val_img/blue/Y11520.jpg,0
./val_img/blue/Y11540.jpg,0
./val_img/blue/Y11612.jpg,0
./val_img/blue/Y11644.jpg,0
./val_img/blue/Y11681.jpg,0
./val_img/blue/Y11705.jpg,0
./val_img/blue/Y11774.jpg,0
./val_img/blue/Y11853.jpg,0
./val_img/blue/Y11869.jpg,0
./val_img/blue/Y11965.jpg,0
./val_img/blue/Y12147.jpg,0
./val_img/blue/Y12480.jpg,0
./val_img/blue/Y12798.jpg,0
./val_img/blue/Y12850.jpg,0
./val_img/blue/Y12914.jpg,0
./val_img/blue/Y12925.jpg,0
./val_img/blue/Y12950.jpg,0
./val_img/blue/Y13053.jpg,0
./val_img/blue/Y13116.jpg,0
./val_img/blue/Y13121.jpg,0
./val_img/blue/Y13189.jpg,0
./val_img/blue/Y13367.jpg,0
./val_img/blue/Y13462.jpg,0
./val_img/blue/Y13589.jpg,0
./val_img/blue/Y13612.jpg,0
./val_img/blue/Y13617.jpg,0
./val_img/blue/Y13636.jpg,0
./val_img/blue/Y13730.jpg,0
./val_img/blue/Y13810.jpg,0
./val_img/blue/Y13822.jpg,0
./val_img/blue/Y14105.jpg,0
./val_img/blue/Y14113.jpg,0
./val_img/blue/Y14136.jpg,0
./val_img/blue/Y14149.jpg,0
./val_img/blue/Y14366.jpg,0
./val_img/blue/Y14370.jpg,0
./val_img/blue/Y14489.jpg,0
./val_img/blue/Y14673.jpg,0
./val_img/blue/Y14883.jpg,0
./val_img/blue/Y14917.jpg,0
./val_img/blue/Y14924.jpg,0
./val_img/blue/Y14944.jpg,0
./val_img/blue/Y15206.jpg,0
./val_img/blue/Y15209.jpg,0
./val_img/blue/Y15228.jpg,0
./val_img/blue/Y15465.jpg,0
./val_img/blue/Y15545.jpg,0
./val_img/blue/Y15552.jpg,0
./val_img/blue/Y15598.jpg,0
./val_img/blue/Y15707.jpg,0
./val_img/blue/Y15748.jpg,0
./val_img/blue/Y15755.jpg,0
./val_img/brown/K00251.jpg,1
./val_img/brown/K00253.jpg,1
./val_img/brown/K00254.jpg,1
./val_img/brown/K00263.jpg,1
./val_img/brown/K00291.jpg,1
./val_img/brown/K00309.jpg,1
./val_img/brown/K00316.jpg,1
./val_img/brown/K00460.jpg,1
./val_img/brown/K00483.jpg,1
./val_img/brown/K00503.jpg,1
./val_img/brown/K00561.jpg,1
./val_img/brown/K00586.jpg,1
./val_img/brown/K00661.jpg,1
./val_img/brown/K00733.jpg,1
./val_img/brown/K00735.jpg,1
./val_img/brown/K00739.jpg,1
./val_img/brown/K00766.jpg,1
./val_img/brown/K00772.jpg,1
./val_img/brown/K00789.jpg,1
./val_img/brown/K00930.jpg,1
./val_img/brown/K00963.jpg,1
./val_img/brown/K00984.jpg,1
./val_img/brown/K00995.jpg,1
./val_img/brown/K01110.jpg,1
./val_img/brown/K01121.jpg,1
./val_img/brown/K01136.jpg,1
./val_img/brown/K01251.jpg,1
./val_img/brown/K01316.jpg,1
./val_img/brown/K01326.jpg,1
./val_img/brown/K01357.jpg,1
./val_img/brown/K01364.jpg,1
./val_img/brown/K01483.jpg,1
./val_img/brown/K01484.jpg,1
./val_img/brown/K01491.jpg,1
./val_img/brown/K01641.jpg,1
./val_img/brown/K01661.jpg,1
./val_img/brown/K01696.jpg,1
./val_img/brown/K01714.jpg,1
./val_img/brown/K01726.jpg,1
./val_img/brown/K01753.jpg,1
./val_img/brown/K01837.jpg,1
./val_img/brown/K01846.jpg,1
./val_img/brown/K01869.jpg,1
./val_img/brown/K01884.jpg,1
./val_img/brown/K01911.jpg,1
./val_img/brown/K01992.jpg,1
./val_img/brown/K85009.jpg,1
./val_img/brown/K85045.jpg,1
./val_img/brown/K85091.jpg,1
./val_img/brown/K85107.jpg,1
./val_img/brown/K85156.jpg,1
./val_img/brown/K85158.jpg,1
./val_img/brown/K85189.jpg,1
./val_img/brown/K85264.jpg,1
./val_img/brown/K85320.jpg,1
./val_img/brown/K85329.jpg,1
./val_img/brown/K85450.jpg,1
./val_img/brown/K85464.jpg,1
./val_img/brown/K85494.jpg,1
./val_img/brown/K85507.jpg,1
./val_img/brown/K85514.jpg,1
./val_img/brown/K85592.jpg,1
./val_img/brown/K85657.jpg,1
./val_img/brown/K85689.jpg,1
./val_img/brown/K85831.jpg,1
./val_img/brown/K85876.jpg,1
./val_img/brown/K85887.jpg,1
./val_img/brown/K85895.jpg,1
./val_img/brown/K85896.jpg,1
./val_img/brown/K85976.jpg,1
./val_img/brown/K85985.jpg,1
./val_img/brown/K85992.jpg,1
./val_img/brown/K86012.jpg,1
./val_img/brown/K86078.jpg,1
./val_img/brown/K86158.jpg,1
./val_img/brown/K86178.jpg,1
./val_img/brown/K86191.jpg,1
./val_img/brown/K86203.jpg,1
./val_img/brown/K86219.jpg,1
./val_img/brown/K86266.jpg,1
./val_img/brown/K86294.jpg,1
./val_img/brown/K86315.jpg,1
./val_img/brown/K86344.jpg,1
./val_img/brown/K86377.jpg,1
./val_img/brown/K86541.jpg,1
./val_img/brown/K86556.jpg,1
./val_img/brown/K86609.jpg,1
./val_img/brown/K86625.jpg,1
./val_img/brown/K86668.jpg,1
./val_img/brown/K86670.jpg,1
./val_img/brown/K86675.jpg,1
./val_img/brown/K86732.jpg,1
./val_img/brown/K86766.jpg,1
./val_img/brown/K86816.jpg,1
./val_img/brown/K86846.jpg,1
./val_img/brown/K86859.jpg,1
./val_img/brown/K86870.jpg,1
./val_img/brown/K86875.jpg,1
./val_img/brown/K86892.jpg,1
./val_img/brown/K86912.jpg,1
./val_img/brown/K86921.jpg,1
./val_img/brown/K86962.jpg,1
./val_img/brown/K86978.jpg,1
./val_img/brown/K87007.jpg,1
./val_img/brown/K87030.jpg,1
./val_img/brown/K87047.jpg,1
./val_img/brown/K87123.jpg,1
./val_img/brown/K87133.jpg,1
./val_img/brown/K87191.jpg,1
./val_img/brown/K87227.jpg,1
./val_img/brown/K87280.jpg,1
./val_img/brown/K87392.jpg,1
./val_img/brown/K87471.jpg,1
./val_img/brown/K87492.jpg,1
./val_img/brown/K87499.jpg,1
./val_img/brown/K87544.jpg,1
./val_img/brown/K87564.jpg,1
./val_img/brown/K87612.jpg,1
./val_img/brown/K87633.jpg,1
./val_img/brown/K87634.jpg,1
./val_img/brown/K87653.jpg,1
./val_img/brown/K87658.jpg,1
./val_img/brown/K87690.jpg,1
./val_img/brown/K87708.jpg,1
./val_img/brown/K87769.jpg,1
./val_img/brown/K87789.jpg,1
./val_img/brown/K87869.jpg,1
./val_img/brown/K87875.jpg,1
./val_img/brown/K87895.jpg,1
./val_img/brown/K87950.jpg,1
./val_img/brown/K93060.jpg,1
./val_img/brown/K93069.jpg,1
./val_img/brown/K93123.jpg,1
./val_img/brown/K93178.jpg,1
./val_img/brown/K93198.jpg,1
./val_img/brown/K93214.jpg,1
./val_img/brown/K93249.jpg,1
./val_img/brown/K93265.jpg,1
./val_img/brown/K93295.jpg,1
./val_img/brown/K93296.jpg,1
./val_img/brown/K93305.jpg,1
./val_img/brown/K93311.jpg,1
./val_img/brown/K93327.jpg,1
./val_img/brown/K93336.jpg,1
./val_img/brown/K93337.jpg,1
./val_img/brown/K93428.jpg,1
./val_img/brown/K93450.jpg,1
./val_img/brown/K93500.jpg,1
./val_img/brown/K93533.jpg,1
./val_img/brown/K93559.jpg,1
./val_img/brown/K93576.jpg,1
./val_img/brown/K93689.jpg,1
./val_img/brown/K93747.jpg,1
./val_img/brown/K93804.jpg,1
./val_img/brown/K93819.jpg,1
./val_img/brown/K93897.jpg,1
./val_img/brown/K93922.jpg,1
./val_img/brown/K94063.jpg,1
./val_img/brown/K94139.jpg,1
./val_img/brown/K94200.jpg,1
./val_img/brown/K94214.jpg,1
./val_img/brown/K94221.jpg,1
./val_img/brown/K94404.jpg,1
./val_img/brown/K94412.jpg,1
./val_img/brown/K94428.jpg,1
./val_img/brown/K94432.jpg,1
./val_img/brown/K94443.jpg,1
./val_img/brown/K94477.jpg,1
./val_img/brown/K94491.jpg,1
./val_img/brown/K94563.jpg,1
./val_img/brown/K94579.jpg,1
./val_img/brown/K94589.jpg,1
./val_img/brown/K94633.jpg,1
./val_img/brown/K94666.jpg,1
./val_img/brown/K94701.jpg,1
./val_img/brown/K94707.jpg,1
./val_img/brown/K94709.jpg,1
./val_img/brown/K94741.jpg,1
./val_img/brown/K94752.jpg,1
./val_img/brown/K94767.jpg,1
./val_img/brown/K94784.jpg,1
./val_img/brown/K94858.jpg,1
./val_img/brown/K94882.jpg,1
./val_img/brown/K94891.jpg,1
./val_img/brown/K94921.jpg,1
./val_img/brown/N07066.jpg,1
./val_img/brown/N07183.jpg,1
./val_img/brown/N17003.jpg,1
./val_img/brown/N17034.jpg,1
./val_img/brown/N27024.jpg,1
./val_img/brown/N27164.jpg,1
./val_img/brown/N27197.jpg,1
./val_img/brown/N27281.jpg,1
./val_img/brown/N27300.jpg,1
./val_img/brown/N37064.jpg,1
./val_img/brown/N37072.jpg,1
./val_img/brown/N37125.jpg,1
./val_img/brown/N37233.jpg,1
./val_img/brown/N37320.jpg,1
./val_img/brown/N47154.jpg,1
./val_img/brown/N57243.jpg,1
./val_img/brown/N67358.jpg,1
./val_img/brown/N77002.jpg,1
./val_img/brown/N77065.jpg,1
./val_img/brown/N77148.jpg,1
./val_img/brown/N77201.jpg,1
./val_img/brown/N77256.jpg,1
./val_img/brown/N77271.jpg,1
./val_img/brown/N77331.jpg,1
./val_img/brown/N87162.jpg,1
./val_img/brown/N87411.jpg,1
./val_img/brown/N97027.jpg,1
./val_img/brown/N97037.jpg,1
./val_img/brown/N97073.jpg,1
./val_img/brown/N97097.jpg,1
./val_img/brown/N97135.jpg,1
./val_img/brown/N97173.jpg,1
./val_img/brown/N97269.jpg,1
./val_img/brown/N97339.jpg,1
./val_img/brown/N97440.jpg,1
./val_img/brown/N99619.jpg,1
./val_img/brown/R34998.jpg,1
./val_img/brown/R35012.jpg,1
./val_img/brown/R35063.jpg,1
./val_img/brown/R35124.jpg,1
./val_img/brown/R35156.jpg,1
./val_img/brown/R35165.jpg,1
./val_img/brown/R35308.jpg,1
./val_img/brown/R35309.jpg,1
./val_img/brown/R35331.jpg,1
./val_img/brown/R35349.jpg,1
./val_img/brown/R35364.jpg,1
./val_img/brown/R35374.jpg,1
./val_img/brown/R35380.jpg,1
./val_img/brown/R35394.jpg,1
./val_img/brown/R35414.jpg,1
./val_img/brown/R35432.jpg,1
./val_img/brown/R35517.jpg,1
./val_img/brown/R35527.jpg,1
./val_img/brown/R35603.jpg,1
./val_img/brown/R35626.jpg,1
./val_img/brown/R35629.jpg,1
./val_img/brown/R35766.jpg,1
./val_img/brown/R35801.jpg,1
./val_img/brown/R35813.jpg,1
./val_img/brown/R35875.jpg,1
./val_img/brown/R35877.jpg,1
./val_img/brown/R35900.jpg,1
./val_img/brown/R35905.jpg,1
./val_img/brown/R35907.jpg,1
./val_img/brown/R35936.jpg,1
./val_img/brown/R35954.jpg,1
./val_img/brown/R35968.jpg,1
./val_img/brown/R36060.jpg,1
./val_img/brown/R36109.jpg,1
./val_img/brown/R36168.jpg,1
./val_img/brown/R36190.jpg,1
./val_img/brown/R36199.jpg,1
./val_img/brown/R36207.jpg,1
./val_img/brown/R36259.jpg,1
./val_img/brown/R36276.jpg,1
./val_img/brown/R36278.jpg,1
./val_img/brown/R36299.jpg,1
./val_img/brown/R36300.jpg,1
./val_img/brown/R36303.jpg,1
./val_img/brown/R36377.jpg,1
./val_img/brown/R36384.jpg,1
./val_img/brown/R36442.jpg,1
./val_img/brown/R36503.jpg,1
./val_img/brown/R36568.jpg,1
./val_img/brown/R36734.jpg,1
./val_img/brown/R36759.jpg,1
./val_img/brown/R36798.jpg,1
./val_img/brown/R36814.jpg,1
./val_img/brown/R36817.jpg,1
./val_img/brown/R36819.jpg,1
./val_img/brown/R36888.jpg,1
./val_img/brown/R36899.jpg,1
./val_img/brown/R36901.jpg,1
./val_img/brown/R36908.jpg,1
./val_img/brown/R36942.jpg,1
./val_img/brown/R36962.jpg,1
./val_img/brown/R36963.jpg,1
./val_img/brown/R36993.jpg,1
./val_img/brown/R36994.jpg,1
./val_img/brown/R37039.jpg,1
./val_img/brown/R37058.jpg,1
./val_img/brown/R37127.jpg,1
./val_img/brown/R37152.jpg,1
./val_img/brown/R37155.jpg,1
./val_img/brown/R37202.jpg,1
./val_img/brown/R37212.jpg,1
./val_img/brown/R37255.jpg,1
./val_img/brown/R37267.jpg,1
./val_img/brown/R37271.jpg,1
./val_img/brown/R37348.jpg,1
./val_img/brown/R37373.jpg,1
./val_img/brown/R37396.jpg,1
./val_img/brown/R37427.jpg,1
./val_img/brown/R37432.jpg,1
./val_img/brown/R37485.jpg,1
./val_img/brown/R37553.jpg,1
./val_img/brown/R37663.jpg,1
./val_img/brown/R37685.jpg,1
./val_img/brown/R37700.jpg,1
./val_img/brown/R37708.jpg,1
./val_img/brown/R37725.jpg,1
./val_img/brown/R37783.jpg,1
./val_img/brown/R37848.jpg,1
./val_img/brown/R37959.jpg,1
./val_img/brown/R37962.jpg,1
./val_img/brown/R37981.jpg,1
./val_img/brown/R38060.jpg,1
./val_img/brown/R38193.jpg,1
./val_img/brown/R38266.jpg,1
./val_img/brown/R38275.jpg,1
./val_img/brown/R38280.jpg,1
./val_img/brown/R38285.jpg,1
./val_img/brown/R38290.jpg,1
./val_img/brown/R38317.jpg,1
./val_img/brown/R38328.jpg,1
./val_img/brown/R38354.jpg,1
./val_img/brown/R38365.jpg,1
./val_img/brown/R38406.jpg,1
./val_img/brown/R38472.jpg,1
./val_img/brown/R38546.jpg,1
./val_img/brown/R38585.jpg,1
./val_img/brown/R38628.jpg,1
./val_img/brown/R38659.jpg,1
./val_img/brown/R38666.jpg,1
./val_img/brown/R38691.jpg,1
./val_img/brown/R38695.jpg,1
./val_img/brown/R38710.jpg,1
./val_img/brown/R38723.jpg,1
./val_img/brown/R38740.jpg,1
./val_img/brown/R38745.jpg,1
./val_img/brown/R38791.jpg,1
./val_img/brown/R40004.jpg,1
./val_img/brown/R40012.jpg,1
./val_img/brown/R40017.jpg,1
./val_img/brown/R40028.jpg,1
./val_img/brown/R40030.jpg,1
./val_img/brown/R40045.jpg,1
./val_img/brown/R40050.jpg,1
./val_img/brown/R40051.jpg,1
./val_img/brown/R40052.jpg,1
./val_img/brown/R40055.jpg,1
./val_img/brown/R40057.jpg,1
./val_img/brown/R40059.jpg,1
./val_img/brown/R40072.jpg,1
./val_img/brown/R40073.jpg,1
./val_img/brown/R40087.jpg,1
./val_img/brown/R40108.jpg,1
./val_img/brown/R40112.jpg,1
./val_img/brown/R40128.jpg,1
./val_img/brown/R40142.jpg,1
./val_img/brown/R40159.jpg,1
./val_img/brown/R40192.jpg,1
./val_img/brown/R40194.jpg,1
./val_img/brown/R40202.jpg,1
./val_img/brown/R40209.jpg,1
./val_img/brown/R40225.jpg,1
./val_img/brown/R40230.jpg,1
./val_img/brown/R40234.jpg,1
./val_img/brown/R40238.jpg,1
./val_img/brown/R40240.jpg,1
./val_img/brown/R40243.jpg,1
./val_img/brown/R40251.jpg,1
./val_img/brown/R40259.jpg,1
./val_img/brown/R40263.jpg,1
./val_img/brown/R40276.jpg,1
./val_img/brown/R40280.jpg,1
./val_img/brown/R40284.jpg,1
./val_img/brown/R40293.jpg,1
./val_img/brown/R40300.jpg,1
./val_img/brown/R40308.jpg,1
./val_img/brown/R40317.jpg,1
./val_img/brown/R40349.jpg,1
./val_img/brown/R40359.jpg,1
./val_img/brown/R40360.jpg,1
./val_img/brown/R40372.jpg,1
./val_img/brown/R40374.jpg,1
./val_img/brown/R40375.jpg,1
./val_img/brown/R40380.jpg,1
./val_img/brown/R40389.jpg,1
./val_img/brown/R40397.jpg,1
./val_img/brown/R40404.jpg,1
./val_img/brown/R40406.jpg,1
./val_img/brown/R40412.jpg,1
./val_img/brown/R40437.jpg,1
./val_img/brown/R40474.jpg,1
./val_img/brown/R40476.jpg,1
./val_img/brown/R40485.jpg,1
./val_img/brown/R40486.jpg,1
./val_img/brown/R40489.jpg,1
./val_img/brown/R40503.jpg,1
./val_img/brown/R40504.jpg,1
./val_img/brown/R40519.jpg,1
./val_img/brown/R40528.jpg,1
./val_img/brown/R40538.jpg,1
./val_img/brown/R40540.jpg,1
./val_img/brown/R40541.jpg,1
./val_img/brown/R40544.jpg,1
./val_img/brown/R40553.jpg,1
./val_img/brown/R40555.jpg,1
./val_img/brown/R40558.jpg,1
./val_img/brown/R40560.jpg,1
./val_img/brown/R40570.jpg,1
./val_img/brown/R40572.jpg,1
./val_img/brown/R40595.jpg,1
./val_img/brown/R40612.jpg,1
./val_img/brown/R40614.jpg,1
./val_img/brown/R40627.jpg,1
./val_img/brown/R40631.jpg,1
./val_img/brown/R40641.jpg,1
./val_img/brown/R40644.jpg,1
./val_img/brown/R40646.jpg,1
./val_img/brown/R40665.jpg,1
./val_img/brown/R40675.jpg,1
./val_img/brown/R40676.jpg,1
./val_img/brown/R40678.jpg,1
./val_img/brown/R40726.jpg,1
./val_img/brown/R40742.jpg,1
./val_img/brown/R40750.jpg,1
./val_img/brown/R40771.jpg,1
./val_img/brown/R40776.jpg,1
./val_img/brown/R40777.jpg,1
./val_img/brown/R40787.jpg,1
./val_img/brown/R40789.jpg,1
./val_img/brown/R40790.jpg,1
./val_img/brown/R40791.jpg,1
./val_img/brown/R40799.jpg,1
./val_img/brown/R40803.jpg,1
./val_img/brown/R40817.jpg,1
./val_img/brown/R40819.jpg,1
./val_img/brown/R40839.jpg,1
./val_img/brown/R40845.jpg,1
./val_img/brown/R40846.jpg,1
./val_img/brown/R40849.jpg,1
./val_img/brown/R40850.jpg,1
./val_img/brown/R40853.jpg,1
./val_img/brown/R40855.jpg,1
./val_img/brown/R40860.jpg,1
./val_img/brown/R40874.jpg,1
./val_img/brown/R40876.jpg,1
./val_img/brown/R40902.jpg,1
./val_img/brown/R40904.jpg,1
./val_img/brown/R40910.jpg,1
./val_img/brown/R40913.jpg,1
./val_img/brown/R40926.jpg,1
./val_img/brown/R40938.jpg,1
./val_img/brown/R40941.jpg,1
./val_img/brown/R40944.jpg,1
./val_img/brown/R40956.jpg,1
./val_img/brown/R40960.jpg,1
./val_img/brown/R40961.jpg,1
./val_img/brown/R40962.jpg,1
./val_img/brown/R40967.jpg,1
./val_img/brown/R40971.jpg,1
./val_img/brown/R40973.jpg,1
./val_img/brown/R40977.jpg,1
./val_img/brown/R40983.jpg,1
./val_img/brown/R40993.jpg,1
./val_img/brown/R41013.jpg,1
./val_img/brown/R41020.jpg,1
./val_img/brown/R41032.jpg,1
./val_img/brown/R41033.jpg,1
./val_img/brown/R41040.jpg,1
./val_img/brown/R41043.jpg,1
./val_img/brown/R41046.jpg,1
./val_img/brown/R41049.jpg,1
./val_img/brown/R41052.jpg,1
./val_img/brown/R41062.jpg,1
./val_img/brown/R41074.jpg,1
./val_img/brown/R41082.jpg,1
./val_img/brown/R41094.jpg,1
./val_img/brown/R41095.jpg,1
./val_img/brown/R41096.jpg,1
./val_img/brown/R41100.jpg,1
./val_img/brown/R41130.jpg,1
./val_img/brown/R41149.jpg,1
./val_img/brown/R41152.jpg,1
./val_img/brown/R41178.jpg,1
./val_img/brown/R41198.jpg,1
./val_img/brown/R41219.jpg,1
./val_img/brown/R41235.jpg,1
./val_img/brown/R41249.jpg,1
./val_img/brown/R41250.jpg,1
./val_img/brown/R41254.jpg,1
./val_img/brown/R41257.jpg,1
./val_img/brown/R41261.jpg,1
./val_img/brown/R41279.jpg,1
./val_img/brown/R41280.jpg,1
./val_img/brown/R41290.jpg,1
./val_img/brown/R41312.jpg,1
./val_img/brown/R41342.jpg,1
./val_img/brown/R41346.jpg,1
./val_img/brown/R41352.jpg,1
./val_img/brown/R41357.jpg,1
./val_img/brown/R41380.jpg,1
./val_img/brown/R41388.jpg,1
./val_img/brown/R41389.jpg,1
./val_img/brown/R41395.jpg,1
./val_img/brown/R41414.jpg,1
./val_img/brown/R41416.jpg,1
./val_img/brown/R41424.jpg,1
./val_img/brown/R41432.jpg,1
./val_img/brown/R41440.jpg,1
./val_img/brown/R41441.jpg,1
./val_img/brown/R41443.jpg,1
./val_img/brown/R41465.jpg,1
./val_img/brown/R41482.jpg,1
./val_img/brown/R41484.jpg,1
./val_img/brown/R41501.jpg,1
./val_img/brown/R41506.jpg,1
./val_img/brown/R41509.jpg,1
./val_img/brown/R41511.jpg,1
./val_img/brown/R41523.jpg,1
./val_img/brown/R41524.jpg,1
./val_img/brown/R41529.jpg,1
./val_img/brown/R41530.jpg,1
./val_img/brown/R41542.jpg,1
./val_img/brown/R41554.jpg,1
./val_img/brown/R41572.jpg,1
./val_img/brown/R41586.jpg,1
./val_img/brown/R41604.jpg,1
./val_img/brown/R41612.jpg,1
./val_img/brown/R41629.jpg,1
./val_img/brown/R41642.jpg,1
./val_img/brown/R41643.jpg,1
./val_img/brown/R41646.jpg,1
./val_img/brown/R41652.jpg,1
./val_img/brown/R41674.jpg,1
./val_img/brown/R41676.jpg,1
./val_img/brown/R41684.jpg,1
./val_img/brown/R41685.jpg,1
./val_img/brown/R41692.jpg,1
./val_img/brown/R41694.jpg,1
./val_img/brown/R41695.jpg,1
./val_img/brown/R41709.jpg,1
./val_img/brown/R41719.jpg,1
./val_img/brown/R41722.jpg,1
./val_img/brown/R41726.jpg,1
./val_img/brown/R41730.jpg,1
./val_img/brown/R41732.jpg,1
./val_img/brown/R41733.jpg,1
./val_img/brown/R41766.jpg,1
./val_img/brown/R41773.jpg,1
./val_img/brown/R41784.jpg,1
./val_img/brown/R41787.jpg,1
./val_img/brown/R41796.jpg,1
./val_img/brown/R41804.jpg,1
./val_img/brown/R41812.jpg,1
./val_img/brown/R41813.jpg,1
./val_img/brown/R41822.jpg,1
./val_img/brown/R41825.jpg,1
./val_img/brown/R41828.jpg,1
./val_img/brown/R41831.jpg,1
./val_img/brown/R41841.jpg,1
./val_img/brown/R41845.jpg,1
./val_img/brown/R41849.jpg,1
./val_img/brown/R41856.jpg,1
./val_img/brown/R41861.jpg,1
./val_img/brown/R41862.jpg,1
./val_img/brown/R41863.jpg,1
./val_img/brown/R41865.jpg,1
./val_img/brown/R41897.jpg,1
./val_img/brown/R41900.jpg,1
./val_img/brown/R41903.jpg,1
./val_img/brown/R41916.jpg,1
./val_img/brown/R41920.jpg,1
./val_img/brown/R41963.jpg,1
./val_img/brown/R41972.jpg,1
./val_img/brown/R41973.jpg,1
./val_img/brown/R41976.jpg,1
./val_img/brown/R41981.jpg,1
./val_img/brown/R41999.jpg,1
./val_img/brown/R42002.jpg,1
./val_img/brown/R42005.jpg,1
./val_img/brown/R42032.jpg,1
./val_img/brown/R42056.jpg,1
./val_img/brown/R42057.jpg,1
./val_img/brown/R42064.jpg,1
./val_img/brown/R42083.jpg,1
./val_img/brown/R42095.jpg,1
./val_img/brown/R42102.jpg,1
./val_img/brown/R42121.jpg,1
./val_img/brown/R42124.jpg,1
./val_img/brown/R42129.jpg,1
./val_img/brown/R42137.jpg,1
./val_img/brown/R42141.jpg,1
./val_img/brown/R42149.jpg,1
./val_img/brown/R42157.jpg,1
./val_img/brown/R42171.jpg,1
./val_img/brown/R42177.jpg,1
./val_img/brown/R42178.jpg,1
./val_img/brown/R42189.jpg,1
./val_img/brown/R42204.jpg,1
./val_img/brown/R42205.jpg,1
./val_img/brown/R42210.jpg,1
./val_img/brown/R42215.jpg,1
./val_img/brown/R42219.jpg,1
./val_img/brown/R42221.jpg,1
./val_img/brown/R42223.jpg,1
./val_img/brown/R42226.jpg,1
./val_img/brown/R42228.jpg,1
./val_img/brown/R42231.jpg,1
./val_img/brown/R42232.jpg,1
./val_img/brown/R42250.jpg,1
./val_img/brown/R42255.jpg,1
./val_img/brown/R42256.jpg,1
./val_img/brown/R42275.jpg,1
./val_img/brown/R42276.jpg,1
./val_img/brown/R42289.jpg,1
./val_img/brown/R42290.jpg,1
./val_img/brown/R42300.jpg,1
./val_img/brown/R42311.jpg,1
./val_img/brown/R42317.jpg,1
./val_img/brown/R42342.jpg,1
./val_img/brown/R42347.jpg,1
./val_img/brown/R42348.jpg,1
./val_img/brown/R42349.jpg,1
./val_img/brown/R42356.jpg,1
./val_img/brown/R42357.jpg,1
./val_img/brown/R42359.jpg,1
./val_img/brown/R42360.jpg,1
./val_img/brown/R42361.jpg,1
./val_img/brown/R42364.jpg,1
./val_img/brown/R42365.jpg,1
./val_img/brown/R42376.jpg,1
./val_img/brown/R42383.jpg,1
./val_img/brown/R42392.jpg,1
./val_img/brown/R42396.jpg,1
./val_img/brown/R42404.jpg,1
./val_img/brown/R42406.jpg,1
./val_img/brown/R42408.jpg,1
./val_img/brown/R42410.jpg,1
./val_img/brown/R42419.jpg,1
./val_img/brown/R42420.jpg,1
./val_img/brown/R42424.jpg,1
./val_img/brown/R42444.jpg,1
./val_img/brown/R42453.jpg,1
./val_img/brown/R42457.jpg,1
./val_img/brown/R42467.jpg,1
./val_img/brown/R42468.jpg,1
./val_img/brown/R42475.jpg,1
./val_img/brown/R42477.jpg,1
./val_img/brown/R42478.jpg,1
./val_img/brown/R42493.jpg,1
./val_img/brown/R42536.jpg,1
./val_img/brown/R42557.jpg,1
./val_img/brown/R42559.jpg,1
./val_img/brown/R42563.jpg,1
./val_img/brown/R42564.jpg,1
./val_img/brown/R42580.jpg,1
./val_img/brown/R42588.jpg,1
./val_img/brown/R42601.jpg,1
./val_img/brown/R42610.jpg,1
./val_img/brown/R42612.jpg,1
./val_img/brown/R42614.jpg,1
./val_img/brown/R42616.jpg,1
./val_img/brown/R42617.jpg,1
./val_img/brown/R42620.jpg,1
./val_img/brown/R42623.jpg,1
./val_img/brown/R42632.jpg,1
./val_img/brown/R42661.jpg,1
./val_img/brown/R42665.jpg,1
./val_img/brown/R42669.jpg,1
./val_img/brown/R42670.jpg,1
./val_img/brown/R42672.jpg,1
./val_img/brown/R42677.jpg,1
./val_img/brown/R42680.jpg,1
./val_img/brown/R42682.jpg,1
./val_img/brown/R42687.jpg,1
./val_img/brown/R42693.jpg,1
./val_img/brown/R42699.jpg,1
./val_img/brown/R42703.jpg,1
./val_img/brown/R42704.jpg,1
./val_img/brown/R42705.jpg,1
./val_img/brown/R42716.jpg,1
./val_img/brown/R42740.jpg,1
./val_img/brown/R42743.jpg,1
./val_img/brown/R42760.jpg,1
./val_img/brown/R42761.jpg,1
./val_img/brown/R42764.jpg,1
./val_img/brown/R42785.jpg,1
./val_img/brown/R42797.jpg,1
./val_img/brown/R42813.jpg,1
./val_img/brown/R42816.jpg,1
./val_img/brown/R42817.jpg,1
./val_img/brown/R42832.jpg,1
./val_img/brown/R42835.jpg,1
./val_img/brown/R42837.jpg,1
./val_img/brown/R42842.jpg,1
./val_img/brown/R42846.jpg,1
./val_img/brown/R42848.jpg,1
./val_img/brown/R42854.jpg,1
./val_img/brown/R42858.jpg,1
./val_img/brown/R42863.jpg,1
./val_img/brown/R42867.jpg,1
./val_img/brown/R42876.jpg,1
./val_img/brown/R42878.jpg,1
./val_img/brown/R42895.jpg,1
./val_img/brown/R42899.jpg,1
./val_img/brown/R42905.jpg,1
./val_img/brown/R42910.jpg,1
./val_img/brown/R42940.jpg,1
./val_img/brown/R42941.jpg,1
./val_img/brown/R42943.jpg,1
./val_img/brown/R42944.jpg,1
./val_img/brown/R42946.jpg,1
./val_img/brown/R42951.jpg,1
./val_img/brown/R42955.jpg,1
./val_img/brown/R42958.jpg,1
./val_img/brown/R42959.jpg,1
./val_img/brown/R42960.jpg,1
./val_img/brown/R42972.jpg,1
./val_img/brown/R42992.jpg,1
./val_img/brown/R43005.jpg,1
./val_img/brown/R43013.jpg,1
./val_img/brown/R43014.jpg,1
./val_img/brown/R43015.jpg,1
./val_img/brown/R43016.jpg,1
./val_img/brown/R43030.jpg,1
./val_img/brown/R43031.jpg,1
./val_img/brown/R43059.jpg,1
./val_img/brown/R43064.jpg,1
./val_img/brown/R43066.jpg,1
./val_img/brown/R43068.jpg,1
./val_img/brown/R43078.jpg,1
./val_img/brown/R43082.jpg,1
./val_img/brown/R43087.jpg,1
./val_img/brown/R43089.jpg,1
./val_img/brown/R43091.jpg,1
./val_img/brown/R43105.jpg,1
./val_img/brown/R43108.jpg,1
./val_img/brown/R43114.jpg,1
./val_img/brown/R43147.jpg,1
./val_img/brown/R43171.jpg,1
./val_img/brown/R43177.jpg,1
./val_img/brown/R43179.jpg,1
./val_img/brown/R43183.jpg,1
./val_img/brown/R43242.jpg,1
./val_img/brown/R43243.jpg,1
./val_img/brown/R43266.jpg,1
./val_img/brown/R43267.jpg,1
./val_img/brown/R43274.jpg,1
./val_img/brown/R43280.jpg,1
./val_img/brown/R43324.jpg,1
./val_img/brown/R43326.jpg,1
./val_img/brown/R43336.jpg,1
./val_img/brown/R43343.jpg,1
./val_img/brown/R43348.jpg,1
./val_img/brown/R43353.jpg,1
./val_img/brown/R43359.jpg,1
./val_img/brown/R43361.jpg,1
./val_img/brown/R43379.jpg,1
./val_img/brown/R43397.jpg,1
./val_img/brown/R43407.jpg,1
./val_img/brown/R43423.jpg,1
./val_img/brown/R43429.jpg,1
./val_img/brown/R43435.jpg,1
./val_img/brown/R43443.jpg,1
./val_img/brown/R43456.jpg,1
./val_img/brown/R43458.jpg,1
./val_img/brown/R43471.jpg,1
./val_img/brown/R43496.jpg,1
./val_img/brown/R43505.jpg,1
./val_img/brown/R43506.jpg,1
./val_img/brown/R43512.jpg,1
./val_img/brown/R43513.jpg,1
./val_img/brown/R43515.jpg,1
./val_img/brown/R43520.jpg,1
./val_img/brown/R43536.jpg,1
./val_img/brown/R43542.jpg,1
./val_img/brown/R43544.jpg,1
./val_img/brown/R43546.jpg,1
./val_img/brown/R43548.jpg,1
./val_img/brown/R43564.jpg,1
./val_img/brown/R43568.jpg,1
./val_img/brown/R43570.jpg,1
./val_img/brown/R43577.jpg,1
./val_img/brown/R43579.jpg,1
./val_img/brown/R43586.jpg,1
./val_img/brown/R43594.jpg,1
./val_img/brown/R43601.jpg,1
./val_img/brown/R43602.jpg,1
./val_img/brown/R43604.jpg,1
./val_img/brown/R43611.jpg,1
./val_img/brown/R43615.jpg,1
./val_img/brown/R43624.jpg,1
./val_img/brown/R43633.jpg,1
./val_img/brown/R43634.jpg,1
./val_img/brown/R43640.jpg,1
./val_img/brown/R43644.jpg,1
./val_img/brown/R43662.jpg,1
./val_img/brown/R43663.jpg,1
./val_img/brown/R43674.jpg,1
./val_img/brown/R43675.jpg,1
./val_img/brown/R43676.jpg,1
./val_img/brown/R43680.jpg,1
./val_img/brown/R43696.jpg,1
./val_img/brown/R43698.jpg,1
./val_img/brown/R43718.jpg,1
./val_img/brown/R43725.jpg,1
./val_img/brown/R43730.jpg,1
./val_img/brown/R43733.jpg,1
./val_img/brown/R43734.jpg,1
./val_img/brown/R43745.jpg,1
./val_img/brown/R43762.jpg,1
./val_img/brown/R43763.jpg,1
./val_img/brown/R43764.jpg,1
./val_img/brown/R43769.jpg,1
./val_img/brown/R43775.jpg,1
./val_img/brown/R43788.jpg,1
./val_img/brown/R43791.jpg,1
./val_img/brown/R43806.jpg,1
./val_img/brown/R43826.jpg,1
./val_img/brown/R43828.jpg,1
./val_img/brown/R43829.jpg,1
./val_img/brown/R43830.jpg,1
./val_img/brown/R43832.jpg,1
./val_img/brown/R43837.jpg,1
./val_img/brown/R43844.jpg,1
./val_img/brown/R43854.jpg,1
./val_img/brown/R43861.jpg,1
./val_img/brown/R43862.jpg,1
./val_img/brown/R43864.jpg,1
./val_img/brown/R43866.jpg,1
./val_img/brown/R43869.jpg,1
./val_img/brown/R43875.jpg,1
./val_img/brown/R43876.jpg,1
./val_img/brown/R43891.jpg,1
./val_img/brown/R43893.jpg,1
./val_img/brown/R43903.jpg,1
./val_img/brown/R43904.jpg,1
./val_img/brown/R91365.jpg,1
./val_img/brown/Y21891.jpg,1
./val_img/green/gM40970.jpg,2
./val_img/green/gM41093.jpg,2
./val_img/green/gM41205.jpg,2
./val_img/green/gN07148.jpg,2
./val_img/green/gN87433.jpg,2
./val_img/green/gR35022.jpg,2
./val_img/green/gR36263.jpg,2
./val_img/green/gR36375.jpg,2
./val_img/green/gR36461.jpg,2
./val_img/green/gR36515.jpg,2
./val_img/green/gR36751.jpg,2
./val_img/green/gR36840.jpg,2
./val_img/green/gR37360.jpg,2
./val_img/green/gR38268.jpg,2
./val_img/green/gR38667.jpg,2
./val_img/green/gR39167.jpg,2
./val_img/green/gR39176.jpg,2
./val_img/green/gR39622.jpg,2
./val_img/green/gR75234.jpg,2
./val_img/green/gR75586.jpg,2
./val_img/green/gR75610.jpg,2
./val_img/green/gR75758.jpg,2
./val_img/green/gR76924.jpg,2
./val_img/green/gR77097.jpg,2
./val_img/green/gR77143.jpg,2
./val_img/green/gR77424.jpg,2
./val_img/green/gR77726.jpg,2
./val_img/green/gR77804.jpg,2
./val_img/green/gR78042.jpg,2
./val_img/green/gR78075.jpg,2
./val_img/green/gR78427.jpg,2
./val_img/green/gR78461.jpg,2
./val_img/green/gR78545.jpg,2
./val_img/green/gR78801.jpg,2
./val_img/green/gR78834.jpg,2
./val_img/green/gR78864.jpg,2
./val_img/green/gR79201.jpg,2
./val_img/green/gR79693.jpg,2
./val_img/green/gR79806.jpg,2
./val_img/green/gR79896.jpg,2
./val_img/green/gR80082.jpg,2
./val_img/green/gR80390.jpg,2
./val_img/green/gR80726.jpg,2
./val_img/green/gR80757.jpg,2
./val_img/green/gR80805.jpg,2
./val_img/green/gR81258.jpg,2
./val_img/green/gR81328.jpg,2
./val_img/green/gR81747.jpg,2
./val_img/green/gR81752.jpg,2
./val_img/green/gR81784.jpg,2
./val_img/green/gR82062.jpg,2
./val_img/green/gR82180.jpg,2
./val_img/green/gR82649.jpg,2
./val_img/green/gR82670.jpg,2
./val_img/green/gR82675.jpg,2
./val_img/green/gR82815.jpg,2
./val_img/green/gR82817.jpg,2
./val_img/green/gR82836.jpg,2
./val_img/green/gR83016.jpg,2
./val_img/green/gR83086.jpg,2
./val_img/green/gR83242.jpg,2
./val_img/green/gR83277.jpg,2
./val_img/green/gR83309.jpg,2
./val_img/green/gR83312.jpg,2
./val_img/green/gR83385.jpg,2
./val_img/green/gR83445.jpg,2
./val_img/green/gR83815.jpg,2
./val_img/green/gR83854.jpg,2
./val_img/green/gR84104.jpg,2
./val_img/green/gR84139.jpg,2
./val_img/green/gR84267.jpg,2
./val_img/green/gR84281.jpg,2
./val_img/green/gR84291.jpg,2
./val_img/green/gR84695.jpg,2
./val_img/green/gR84931.jpg,2
./val_img/green/gR85102.jpg,2
./val_img/green/gR85132.jpg,2
./val_img/green/gR85272.jpg,2
./val_img/green/gR85387.jpg,2
./val_img/green/gR85391.jpg,2
./val_img/green/gR85557.jpg,2
./val_img/green/gR85638.jpg,2
./val_img/green/gR85973.jpg,2
./val_img/green/gR86022.jpg,2
./val_img/green/gR86081.jpg,2
./val_img/green/gR86304.jpg,2
./val_img/green/gR86501.jpg,2
./val_img/green/gR86522.jpg,2
./val_img/green/gR86566.jpg,2
./val_img/green/gR86567.jpg,2
./val_img/green/gR86815.jpg,2
./val_img/green/gR86890.jpg,2
./val_img/green/gR86898.jpg,2
./val_img/green/gR87010.jpg,2
./val_img/green/gR87065.jpg,2
./val_img/green/gR87186.jpg,2
./val_img/green/gR87310.jpg,2
./val_img/green/gR87618.jpg,2
./val_img/green/gR87861.jpg,2
./val_img/green/gR87892.jpg,2
./val_img/green/gR88000.jpg,2
./val_img/green/gR88003.jpg,2
./val_img/green/gR88033.jpg,2
./val_img/green/gR88356.jpg,2
./val_img/green/gR88454.jpg,2
./val_img/green/gR88464.jpg,2
./val_img/green/gR88472.jpg,2
./val_img/green/K00231.jpg,2
./val_img/green/K00825.jpg,2
./val_img/green/K01499.jpg,2
./val_img/green/K02037.jpg,2
./val_img/green/K02100.jpg,2
./val_img/green/K02232.jpg,2
./val_img/green/K02396.jpg,2
./val_img/green/K02489.jpg,2
./val_img/green/K02493.jpg,2
./val_img/green/K02500.jpg,2
./val_img/green/K02572.jpg,2
./val_img/green/K02722.jpg,2
./val_img/green/K03105.jpg,2
./val_img/green/K03176.jpg,2
./val_img/green/K03268.jpg,2
./val_img/green/K03290.jpg,2
./val_img/green/K03484.jpg,2
./val_img/green/K03503.jpg,2
./val_img/green/K03937.jpg,2
./val_img/green/K03996.jpg,2
./val_img/green/K04106.jpg,2
./val_img/green/K04252.jpg,2
./val_img/green/K04382.jpg,2
./val_img/green/K04412.jpg,2
./val_img/green/K04594.jpg,2
./val_img/green/K04688.jpg,2
./val_img/green/K04852.jpg,2
./val_img/green/K04985.jpg,2
./val_img/green/K50112.jpg,2
./val_img/green/K52471.jpg,2
./val_img/green/K53599.jpg,2
./val_img/green/K53769.jpg,2
./val_img/green/K53887.jpg,2
./val_img/green/K54486.jpg,2
./val_img/green/K54768.jpg,2
./val_img/green/K56023.jpg,2
./val_img/green/K56189.jpg,2
./val_img/green/K56553.jpg,2
./val_img/green/K56615.jpg,2
./val_img/green/K56891.jpg,2
./val_img/green/K58011.jpg,2
./val_img/green/K58540.jpg,2
./val_img/green/K58909.jpg,2
./val_img/green/K59567.jpg,2
./val_img/green/K59874.jpg,2
./val_img/green/K60280.jpg,2
./val_img/green/K60781.jpg,2
./val_img/green/K61494.jpg,2
./val_img/green/K61901.jpg,2
./val_img/green/K62515.jpg,2
./val_img/green/K62567.jpg,2
./val_img/green/K62675.jpg,2
./val_img/green/K63343.jpg,2
./val_img/green/K63706.jpg,2
./val_img/green/K63771.jpg,2
./val_img/green/K63896.jpg,2
./val_img/green/K65274.jpg,2
./val_img/green/K66390.jpg,2
./val_img/green/K67052.jpg,2
./val_img/green/K67245.jpg,2
./val_img/green/K67465.jpg,2
./val_img/green/K67546.jpg,2
./val_img/green/K67855.jpg,2
./val_img/green/K68491.jpg,2
./val_img/green/K68563.jpg,2
./val_img/green/K68674.jpg,2
./val_img/green/K68728.jpg,2
./val_img/green/K68901.jpg,2
./val_img/green/K69397.jpg,2
./val_img/green/K69529.jpg,2
./val_img/green/K69885.jpg,2
./val_img/green/K70483.jpg,2
./val_img/green/K70656.jpg,2
./val_img/green/K71691.jpg,2
./val_img/green/K72700.jpg,2
./val_img/green/K72830.jpg,2
./val_img/green/K72853.jpg,2
./val_img/green/K72987.jpg,2
./val_img/green/K73004.jpg,2
./val_img/green/K73816.jpg,2
./val_img/green/K74547.jpg,2
./val_img/green/K74707.jpg,2
./val_img/green/K76238.jpg,2
./val_img/green/K77855.jpg,2
./val_img/green/K78317.jpg,2
./val_img/green/K79514.jpg,2
./val_img/green/K80114.jpg,2
./val_img/green/K80239.jpg,2
./val_img/green/K80500.jpg,2
./val_img/green/K82141.jpg,2
./val_img/green/K82318.jpg,2
./val_img/green/K82350.jpg,2
./val_img/green/K82355.jpg,2
./val_img/green/K82607.jpg,2
./val_img/green/K82659.jpg,2
./val_img/green/K83849.jpg,2
./val_img/green/K83936.jpg,2
./val_img/green/K84601.jpg,2
./val_img/green/K84940.jpg,2
./val_img/green/K85563.jpg,2
./val_img/green/K86667.jpg,2
./val_img/green/K86910.jpg,2
./val_img/green/K87035.jpg,2
./val_img/green/K87742.jpg,2
./val_img/green/K88530.jpg,2
./val_img/green/K88860.jpg,2
./val_img/green/K88868.jpg,2
./val_img/green/K89023.jpg,2
./val_img/green/K89287.jpg,2
./val_img/green/K89306.jpg,2
./val_img/green/K89502.jpg,2
./val_img/green/K89564.jpg,2
./val_img/green/K89869.jpg,2
./val_img/green/K89885.jpg,2
./val_img/green/K89920.jpg,2
./val_img/green/K90193.jpg,2
./val_img/green/K90452.jpg,2
./val_img/green/K90617.jpg,2
./val_img/green/K90644.jpg,2
./val_img/green/K90857.jpg,2
./val_img/green/K91037.jpg,2
./val_img/green/K91160.jpg,2
./val_img/green/K91602.jpg,2
./val_img/green/K91606.jpg,2
./val_img/green/K91826.jpg,2
./val_img/green/K92169.jpg,2
./val_img/green/K92495.jpg,2
./val_img/green/K92715.jpg,2
./val_img/green/K92971.jpg,2
./val_img/green/K93579.jpg,2
./val_img/green/K94045.jpg,2
./val_img/green/K94368.jpg,2
./val_img/green/K94482.jpg,2
./val_img/green/K94776.jpg,2
./val_img/green/K94818.jpg,2
./val_img/green/K95040.jpg,2
./val_img/green/K95120.jpg,2
./val_img/green/K95165.jpg,2
./val_img/green/K95211.jpg,2
./val_img/green/K95216.jpg,2
./val_img/green/K95315.jpg,2
./val_img/green/K95335.jpg,2
./val_img/green/K95447.jpg,2
./val_img/green/K95704.jpg,2
./val_img/green/K95884.jpg,2
./val_img/green/K96280.jpg,2
./val_img/green/K96768.jpg,2
./val_img/green/K96841.jpg,2
./val_img/green/K96966.jpg,2
./val_img/green/K97007.jpg,2
./val_img/green/K97160.jpg,2
./val_img/green/K97307.jpg,2
./val_img/green/K97763.jpg,2
./val_img/green/K97805.jpg,2
./val_img/green/K97830.jpg,2
./val_img/green/K97931.jpg,2
./val_img/green/K97943.jpg,2
./val_img/green/K98112.jpg,2
./val_img/green/K98131.jpg,2
./val_img/green/K98161.jpg,2
./val_img/green/K98171.jpg,2
./val_img/green/K98483.jpg,2
./val_img/green/K98591.jpg,2
./val_img/green/K98664.jpg,2
./val_img/green/K99198.jpg,2
./val_img/green/K99214.jpg,2
./val_img/green/K99266.jpg,2
./val_img/green/K99368.jpg,2
./val_img/green/K99588.jpg,2
./val_img/green/K99721.jpg,2
./val_img/green/K99989.jpg,2
./val_img/green/M00151.jpg,2
./val_img/green/M00247.jpg,2
./val_img/green/M00661.jpg,2
./val_img/green/M00783.jpg,2
./val_img/green/M00822.jpg,2
./val_img/green/M00919.jpg,2
./val_img/green/M00943.jpg,2
./val_img/green/M00945.jpg,2
./val_img/green/M00980.jpg,2
./val_img/green/M01220.jpg,2
./val_img/green/M01575.jpg,2
./val_img/green/M01636.jpg,2
./val_img/green/M01679.jpg,2
./val_img/green/M01687.jpg,2
./val_img/green/M01692.jpg,2
./val_img/green/M01740.jpg,2
./val_img/green/M01930.jpg,2
./val_img/green/M02052.jpg,2
./val_img/green/M02071.jpg,2
./val_img/green/M02260.jpg,2
./val_img/green/M02281.jpg,2
./val_img/green/M02414.jpg,2
./val_img/green/M02497.jpg,2
./val_img/green/M03210.jpg,2
./val_img/green/M03256.jpg,2
./val_img/green/M03257.jpg,2
./val_img/green/M03289.jpg,2
./val_img/green/M03388.jpg,2
./val_img/green/M03615.jpg,2
./val_img/green/M03761.jpg,2
./val_img/green/M04121.jpg,2
./val_img/green/M04372.jpg,2
./val_img/green/M04630.jpg,2
./val_img/green/M04669.jpg,2
./val_img/green/M04898.jpg,2
./val_img/green/M04951.jpg,2
./val_img/green/M05035.jpg,2
./val_img/green/M05246.jpg,2
./val_img/green/M05307.jpg,2
./val_img/green/M05314.jpg,2
./val_img/green/M05438.jpg,2
./val_img/green/M05721.jpg,2
./val_img/green/M06042.jpg,2
./val_img/green/M06126.jpg,2
./val_img/green/M06604.jpg,2
./val_img/green/M06731.jpg,2
./val_img/green/M06931.jpg,2
./val_img/green/M06992.jpg,2
./val_img/green/M07030.jpg,2
./val_img/green/M07181.jpg,2
./val_img/green/M07201.jpg,2
./val_img/green/M07576.jpg,2
./val_img/green/M07685.jpg,2
./val_img/green/M07737.jpg,2
./val_img/green/M07938.jpg,2
./val_img/green/M07995.jpg,2
./val_img/green/M08587.jpg,2
./val_img/green/M08987.jpg,2
./val_img/green/M09059.jpg,2
./val_img/green/M09197.jpg,2
./val_img/green/M09596.jpg,2
./val_img/green/M09961.jpg,2
./val_img/green/M10419.jpg,2
./val_img/green/M10492.jpg,2
./val_img/green/M10761.jpg,2
./val_img/green/M10934.jpg,2
./val_img/green/M11103.jpg,2
./val_img/green/M11127.jpg,2
./val_img/green/M11171.jpg,2
./val_img/green/M11305.jpg,2
./val_img/green/M11543.jpg,2
./val_img/green/M11592.jpg,2
./val_img/green/M11816.jpg,2
./val_img/green/M11887.jpg,2
./val_img/green/M12471.jpg,2
./val_img/green/M12666.jpg,2
./val_img/green/M12912.jpg,2
./val_img/green/M12962.jpg,2
./val_img/green/M13216.jpg,2
./val_img/green/M13524.jpg,2
./val_img/green/M13897.jpg,2
./val_img/green/M14089.jpg,2
./val_img/green/M14115.jpg,2
./val_img/green/M14376.jpg,2
./val_img/green/M14640.jpg,2
./val_img/green/M14753.jpg,2
./val_img/green/M14806.jpg,2
./val_img/green/M14873.jpg,2
./val_img/green/M14895.jpg,2
./val_img/green/M15177.jpg,2
./val_img/green/M15402.jpg,2
./val_img/green/M15588.jpg,2
./val_img/green/M15838.jpg,2
./val_img/green/M15912.jpg,2
./val_img/green/M15923.jpg,2
./val_img/green/M15963.jpg,2
./val_img/green/M16198.jpg,2
./val_img/green/M16293.jpg,2
./val_img/green/M16299.jpg,2
./val_img/green/M16456.jpg,2
./val_img/green/M16687.jpg,2
./val_img/green/M16698.jpg,2
./val_img/green/M17009.jpg,2
./val_img/green/M17266.jpg,2
./val_img/green/M17319.jpg,2
./val_img/green/M17572.jpg,2
./val_img/green/M17770.jpg,2
./val_img/green/M17845.jpg,2
./val_img/green/M18127.jpg,2
./val_img/green/M18302.jpg,2
./val_img/green/M18472.jpg,2
./val_img/green/M18480.jpg,2
./val_img/green/M18684.jpg,2
./val_img/green/M18688.jpg,2
./val_img/green/M18776.jpg,2
./val_img/green/M18895.jpg,2
./val_img/green/M19256.jpg,2
./val_img/green/M19346.jpg,2
./val_img/green/M19494.jpg,2
./val_img/green/M19628.jpg,2
./val_img/green/M19830.jpg,2
./val_img/green/M19852.jpg,2
./val_img/green/M20034.jpg,2
./val_img/green/M20070.jpg,2
./val_img/green/M20111.jpg,2
./val_img/green/M20116.jpg,2
./val_img/green/M20196.jpg,2
./val_img/green/M20222.jpg,2
./val_img/green/M20431.jpg,2
./val_img/green/M21232.jpg,2
./val_img/green/M21246.jpg,2
./val_img/green/M21297.jpg,2
./val_img/green/M21392.jpg,2
./val_img/green/M21813.jpg,2
./val_img/green/M21842.jpg,2
./val_img/green/M22073.jpg,2
./val_img/green/M22123.jpg,2
./val_img/green/M22524.jpg,2
./val_img/green/M22837.jpg,2
./val_img/green/M22937.jpg,2
./val_img/green/M23416.jpg,2
./val_img/green/M23419.jpg,2
./val_img/green/M24000.jpg,2
./val_img/green/M24606.jpg,2
./val_img/green/M24745.jpg,2
./val_img/green/M24846.jpg,2
./val_img/green/M25061.jpg,2
./val_img/green/M26255.jpg,2
./val_img/green/M26368.jpg,2
./val_img/green/M26398.jpg,2
./val_img/green/M26590.jpg,2
./val_img/green/M26706.jpg,2
./val_img/green/M26984.jpg,2
./val_img/green/M26994.jpg,2
./val_img/green/M27008.jpg,2
./val_img/green/M27109.jpg,2
./val_img/green/M27298.jpg,2
./val_img/green/M27444.jpg,2
./val_img/green/M27575.jpg,2
./val_img/green/M27596.jpg,2
./val_img/green/M27626.jpg,2
./val_img/green/M27721.jpg,2
./val_img/green/M28147.jpg,2
./val_img/green/M28241.jpg,2
./val_img/green/M28266.jpg,2
./val_img/green/M28452.jpg,2
./val_img/green/M28550.jpg,2
./val_img/green/M28727.jpg,2
./val_img/green/M28746.jpg,2
./val_img/green/M28781.jpg,2
./val_img/green/M29014.jpg,2
./val_img/green/M29295.jpg,2
./val_img/green/M29650.jpg,2
./val_img/green/M29723.jpg,2
./val_img/green/M29799.jpg,2
./val_img/green/M29861.jpg,2
./val_img/green/M30035.jpg,2
./val_img/green/M30059.jpg,2
./val_img/green/M30350.jpg,2
./val_img/green/M30495.jpg,2
./val_img/green/M30900.jpg,2
./val_img/green/M31114.jpg,2
./val_img/green/M31146.jpg,2
./val_img/green/M31180.jpg,2
./val_img/green/M31204.jpg,2
./val_img/green/M31292.jpg,2
./val_img/green/M31365.jpg,2
./val_img/green/M31412.jpg,2
./val_img/green/M31494.jpg,2
./val_img/green/M31636.jpg,2
./val_img/green/M31743.jpg,2
./val_img/green/M31834.jpg,2
./val_img/green/M31919.jpg,2
./val_img/green/M32039.jpg,2
./val_img/green/M32081.jpg,2
./val_img/green/M32182.jpg,2
./val_img/green/M32598.jpg,2
./val_img/green/M33134.jpg,2
./val_img/green/M33158.jpg,2
./val_img/green/M33188.jpg,2
./val_img/green/M33229.jpg,2
./val_img/green/M33264.jpg,2
./val_img/green/M33341.jpg,2
./val_img/green/M33752.jpg,2
./val_img/green/M34031.jpg,2
./val_img/green/M34108.jpg,2
./val_img/green/M34191.jpg,2
./val_img/green/M34374.jpg,2
./val_img/green/M34409.jpg,2
./val_img/green/M34616.jpg,2
./val_img/green/M34726.jpg,2
./val_img/green/M34787.jpg,2
./val_img/green/M34961.jpg,2
./val_img/green/M35068.jpg,2
./val_img/green/M35222.jpg,2
./val_img/green/M35228.jpg,2
./val_img/green/M35303.jpg,2
./val_img/green/M35367.jpg,2
./val_img/green/M35453.jpg,2
./val_img/green/M35491.jpg,2
./val_img/green/M35515.jpg,2
./val_img/green/M35616.jpg,2
./val_img/green/M35670.jpg,2
./val_img/green/M35918.jpg,2
./val_img/green/M35959.jpg,2
./val_img/green/M35970.jpg,2
./val_img/green/M36014.jpg,2
./val_img/green/M36033.jpg,2
./val_img/green/M36041.jpg,2
./val_img/green/M36054.jpg,2
./val_img/green/M36082.jpg,2
./val_img/green/M36139.jpg,2
./val_img/green/M36259.jpg,2
./val_img/green/M36283.jpg,2
./val_img/green/M36684.jpg,2
./val_img/green/M37494.jpg,2
./val_img/green/M37905.jpg,2
./val_img/green/M37978.jpg,2
./val_img/green/M38482.jpg,2
./val_img/green/M38512.jpg,2
./val_img/green/M38687.jpg,2
./val_img/green/M38989.jpg,2
./val_img/green/M39034.jpg,2
./val_img/green/M39154.jpg,2
./val_img/green/M39359.jpg,2
./val_img/green/M39377.jpg,2
./val_img/green/M39705.jpg,2
./val_img/green/M39877.jpg,2
./val_img/green/M39935.jpg,2
./val_img/green/M39999.jpg,2
./val_img/green/M40014.jpg,2
./val_img/green/M40023.jpg,2
./val_img/green/M40106.jpg,2
./val_img/green/M40219.jpg,2
./val_img/green/M40229.jpg,2
./val_img/green/M40265.jpg,2
./val_img/green/M40565.jpg,2
./val_img/green/M40609.jpg,2
./val_img/green/M40791.jpg,2
./val_img/green/M40853.jpg,2
./val_img/green/M40912.jpg,2
./val_img/green/M40970.jpg,2
./val_img/green/M41093.jpg,2
./val_img/green/M41205.jpg,2
./val_img/green/N07148.jpg,2
./val_img/green/N87433.jpg,2
./val_img/green/R35022.jpg,2
./val_img/green/R36263.jpg,2
./val_img/green/R36375.jpg,2
./val_img/green/R36461.jpg,2
./val_img/green/R36515.jpg,2
./val_img/green/R36751.jpg,2
./val_img/green/R36840.jpg,2
./val_img/green/R37360.jpg,2
./val_img/green/R38268.jpg,2
./val_img/green/R38667.jpg,2
./val_img/green/R39167.jpg,2
./val_img/green/R39176.jpg,2
./val_img/green/R39622.jpg,2
./val_img/green/R75234.jpg,2
./val_img/green/R75586.jpg,2
./val_img/green/R75610.jpg,2
./val_img/green/R75758.jpg,2
./val_img/green/R76924.jpg,2
./val_img/green/R77097.jpg,2
./val_img/green/R77143.jpg,2
./val_img/green/R77424.jpg,2
./val_img/green/R77726.jpg,2
./val_img/green/R77804.jpg,2
./val_img/green/R78042.jpg,2
./val_img/green/R78075.jpg,2
./val_img/green/R78427.jpg,2
./val_img/green/R78461.jpg,2
./val_img/green/R78545.jpg,2
./val_img/green/R78801.jpg,2
./val_img/green/R78834.jpg,2
./val_img/green/R78864.jpg,2
./val_img/green/R79201.jpg,2
./val_img/green/R79693.jpg,2
./val_img/green/R79806.jpg,2
./val_img/green/R79896.jpg,2
./val_img/green/R80082.jpg,2
./val_img/green/R80390.jpg,2
./val_img/green/R80726.jpg,2
./val_img/green/R80757.jpg,2
./val_img/green/R80805.jpg,2
./val_img/green/R81258.jpg,2
./val_img/green/R81328.jpg,2
./val_img/green/R81747.jpg,2
./val_img/green/R81752.jpg,2
./val_img/green/R81784.jpg,2
./val_img/green/R82062.jpg,2
./val_img/green/R82180.jpg,2
./val_img/green/R82649.jpg,2
./val_img/green/R82670.jpg,2
./val_img/green/R82675.jpg,2
./val_img/green/R82815.jpg,2
./val_img/green/R82817.jpg,2
./val_img/green/R82836.jpg,2
./val_img/green/R83016.jpg,2
./val_img/green/R83086.jpg,2
./val_img/green/R83242.jpg,2
./val_img/green/R83277.jpg,2
./val_img/green/R83309.jpg,2
./val_img/green/R83312.jpg,2
./val_img/green/R83385.jpg,2
./val_img/green/R83445.jpg,2
./val_img/green/R83815.jpg,2
./val_img/green/R83854.jpg,2
./val_img/green/R84104.jpg,2
./val_img/green/R84139.jpg,2
./val_img/green/R84267.jpg,2
./val_img/green/R84281.jpg,2
./val_img/green/R84291.jpg,2
./val_img/green/R84695.jpg,2
./val_img/green/R84931.jpg,2
./val_img/green/R85102.jpg,2
./val_img/green/R85132.jpg,2
./val_img/green/R85272.jpg,2
./val_img/green/R85387.jpg,2
./val_img/green/R85391.jpg,2
./val_img/green/R85557.jpg,2
./val_img/green/R85638.jpg,2
./val_img/green/R85973.jpg,2
./val_img/green/R86022.jpg,2
./val_img/green/R86081.jpg,2
./val_img/green/R86304.jpg,2
./val_img/green/R86501.jpg,2
./val_img/green/R86522.jpg,2
./val_img/green/R86566.jpg,2
./val_img/green/R86567.jpg,2
./val_img/green/R86815.jpg,2
./val_img/green/R86890.jpg,2
./val_img/green/R86898.jpg,2
./val_img/green/R87010.jpg,2
./val_img/green/R87065.jpg,2
./val_img/green/R87186.jpg,2
./val_img/green/R87310.jpg,2
./val_img/green/R87618.jpg,2
./val_img/green/R87861.jpg,2
./val_img/green/R87892.jpg,2
./val_img/green/R88000.jpg,2
./val_img/green/R88003.jpg,2
./val_img/green/R88033.jpg,2
./val_img/green/R88356.jpg,2
./val_img/green/R88454.jpg,2
./val_img/green/R88464.jpg,2
./val_img/green/R88472.jpg,2
./val_img/green/R88517.jpg,2
./val_img/green/R88755.jpg,2
./val_img/green/R88789.jpg,2
./val_img/green/R88805.jpg,2
./val_img/green/R88978.jpg,2
./val_img/green/R89082.jpg,2
./val_img/green/R89433.jpg,2
./val_img/green/R89487.jpg,2
./val_img/green/R89540.jpg,2
./val_img/green/R89663.jpg,2
./val_img/green/R89778.jpg,2
./val_img/green/R89800.jpg,2
./val_img/green/R89843.jpg,2
./val_img/green/R89876.jpg,2
./val_img/green/R89886.jpg,2
./val_img/green/R89924.jpg,2
./val_img/green/R89941.jpg,2
./val_img/green/R90036.jpg,2
./val_img/green/R90103.jpg,2
./val_img/green/R90159.jpg,2
./val_img/green/R90253.jpg,2
./val_img/green/R90287.jpg,2
./val_img/green/R90430.jpg,2
./val_img/green/R90476.jpg,2
./val_img/green/R90497.jpg,2
./val_img/green/R90501.jpg,2
./val_img/green/R90527.jpg,2
./val_img/green/R90594.jpg,2
./val_img/green/R90689.jpg,2
./val_img/green/R90940.jpg,2
./val_img/green/R90947.jpg,2
./val_img/green/R91159.jpg,2
./val_img/green/R91320.jpg,2
./val_img/green/R91435.jpg,2
./val_img/green/R91444.jpg,2
./val_img/green/R91499.jpg,2
./val_img/green/R91535.jpg,2
./val_img/green/R91551.jpg,2
./val_img/green/R91649.jpg,2
./val_img/green/R91828.jpg,2
./val_img/green/R91923.jpg,2
./val_img/green/R91950.jpg,2
./val_img/green/R92026.jpg,2
./val_img/green/R92043.jpg,2
./val_img/green/R92047.jpg,2
./val_img/green/R92073.jpg,2
./val_img/green/R92121.jpg,2
./val_img/green/R92125.jpg,2
./val_img/green/R92189.jpg,2
./val_img/green/R92216.jpg,2
./val_img/green/R92219.jpg,2
./val_img/green/R92280.jpg,2
./val_img/green/R92283.jpg,2
./val_img/green/R92335.jpg,2
./val_img/green/R92345.jpg,2
./val_img/green/R92346.jpg,2
./val_img/green/R92472.jpg,2
./val_img/green/R92534.jpg,2
./val_img/green/R92539.jpg,2
./val_img/green/R92562.jpg,2
./val_img/green/R92581.jpg,2
./val_img/green/R92585.jpg,2
./val_img/green/R92671.jpg,2
./val_img/green/R92675.jpg,2
./val_img/green/R92690.jpg,2
./val_img/green/R92718.jpg,2
./val_img/green/R92736.jpg,2
./val_img/green/R92751.jpg,2
./val_img/green/R92771.jpg,2
./val_img/green/X78092.jpg,2
./val_img/green/X78161.jpg,2
./val_img/green/X78303.jpg,2
./val_img/green/X78823.jpg,2
./val_img/green/Y10708.jpg,2
./val_img/green/Y10844.jpg,2
./val_img/green/Y11505.jpg,2
./val_img/green/Y11508.jpg,2
./val_img/green/Y11801.jpg,2
./val_img/green/Y11823.jpg,2
./val_img/green/Y12128.jpg,2
./val_img/green/Y12381.jpg,2
./val_img/green/Y12657.jpg,2
./val_img/green/Y12813.jpg,2
./val_img/green/Y12820.jpg,2
./val_img/green/Y12980.jpg,2
./val_img/green/Y13117.jpg,2
./val_img/green/Y13180.jpg,2
./val_img/green/Y13305.jpg,2
./val_img/green/Y13323.jpg,2
./val_img/green/Y13454.jpg,2
./val_img/green/Y13509.jpg,2
./val_img/green/Y13731.jpg,2
./val_img/green/Y13918.jpg,2
./val_img/green/Y13999.jpg,2
./val_img/green/Y14087.jpg,2
./val_img/green/Y14148.jpg,2
./val_img/green/Y14218.jpg,2
./val_img/green/Y14238.jpg,2
./val_img/green/Y14438.jpg,2
./val_img/green/Y14605.jpg,2
./val_img/green/Y14844.jpg,2
./val_img/green/Y15379.jpg,2
./val_img/green/Y15389.jpg,2
./val_img/green/Y15439.jpg,2
./val_img/green/Y15573.jpg,2
./val_img/green/Y15964.jpg,2
./val_img/green/Y16128.jpg,2
./val_img/green/Y16178.jpg,2
./val_img/green/Y16513.jpg,2
./val_img/green/Y16669.jpg,2
./val_img/green/Y17145.jpg,2
./val_img/green/Y17200.jpg,2
./val_img/green/Y17203.jpg,2
./val_img/green/Y17206.jpg,2
./val_img/green/Y17458.jpg,2
./val_img/green/Y17504.jpg,2
./val_img/green/Y17684.jpg,2
./val_img/green/Y17841.jpg,2
./val_img/green/Y17879.jpg,2
./val_img/green/Y18114.jpg,2
./val_img/green/Y18124.jpg,2
./val_img/green/Y18144.jpg,2
./val_img/green/Y18711.jpg,2
./val_img/green/Y18898.jpg,2
./val_img/green/Y18951.jpg,2
./val_img/green/Y19137.jpg,2
./val_img/green/Y19180.jpg,2
./val_img/green/Y19269.jpg,2
./val_img/green/Y19450.jpg,2
./val_img/green/Y19530.jpg,2
./val_img/green/Y19672.jpg,2
./val_img/green/Y19695.jpg,2
./val_img/green/Y19700.jpg,2
./val_img/green/Y19758.jpg,2
./val_img/green/Y19886.jpg,2
./val_img/green/Y19957.jpg,2
./val_img/green/Y19960.jpg,2
./val_img/green/Y20130.jpg,2
./val_img/green/Y20268.jpg,2
./val_img/green/Y20271.jpg,2
./val_img/green/Y20277.jpg,2
./val_img/green/Y20568.jpg,2
./val_img/green/Y20624.jpg,2
./val_img/green/Y20722.jpg,2
./val_img/green/Y20955.jpg,2
./val_img/green/Y21077.jpg,2
./val_img/green/Y21408.jpg,2
./val_img/green/Y21569.jpg,2
./val_img/green/Y21634.jpg,2
./val_img/green/Y21739.jpg,2
./val_img/green/Y21819.jpg,2
./val_img/green/Y21881.jpg,2
./val_img/green/Y21947.jpg,2
./val_img/green/Y21998.jpg,2
./val_img/green/Y22050.jpg,2
./val_img/green/Y22171.jpg,2
./val_img/green/Y22223.jpg,2
./val_img/green/Y22225.jpg,2
./val_img/green/Y22336.jpg,2
./val_img/green/Y22632.jpg,2
./val_img/green/Y22723.jpg,2
./val_img/green/Y22768.jpg,2
./val_img/green/Y22774.jpg,2
./val_img/green/Y22783.jpg,2
./val_img/green/Y22796.jpg,2
./val_img/green/Y22866.jpg,2
./val_img/green/Y22946.jpg,2
./val_img/green/Y23068.jpg,2
./val_img/green/Y23146.jpg,2
./val_img/green/Y23159.jpg,2
./val_img/green/Y23318.jpg,2
./val_img/green/Y23329.jpg,2
./val_img/green/Y23477.jpg,2
./val_img/green/Y23549.jpg,2
./val_img/green/Y23550.jpg,2
./val_img/green/Y23654.jpg,2
./val_img/green/Y23803.jpg,2
./val_img/green/Y23929.jpg,2
./val_img/green/Y24094.jpg,2
./val_img/green/Y24107.jpg,2
./val_img/green/Y24248.jpg,2
./val_img/green/Y24523.jpg,2
./val_img/green/Y24550.jpg,2
./val_img/green/Y24728.jpg,2
./val_img/green/Y25002.jpg,2
./val_img/green/Y25052.jpg,2
./val_img/green/Y25132.jpg,2
./val_img/green/Y25189.jpg,2
./val_img/green/Y25284.jpg,2
./val_img/green/Y25364.jpg,2
